"continent","iso","admin_0","admin_1","t_lci","t_med","t_uci","scenario"
"Africa","AGO","Angola","Bengo","8.27","8.49","8.71","Pessimistic"
"Africa","AGO","Angola","Benguela","2.64","2.7","2.76","Pessimistic"
"Africa","AGO","Angola","Bie","11.37","11.74","12.12","Pessimistic"
"Africa","AGO","Angola","Cabinda","10.05","10.32","10.61","Pessimistic"
"Africa","AGO","Angola","Cuando Cubango","32.59","34.98","37.75","Pessimistic"
"Africa","AGO","Angola","Cuanza Norte","14.26","14.76","15.3","Pessimistic"
"Africa","AGO","Angola","Cuanza Sul","9.92","10.24","10.58","Pessimistic"
"Africa","AGO","Angola","Cunene","2.08","2.13","2.17","Pessimistic"
"Africa","AGO","Angola","Huambo","2.24","2.29","2.34","Pessimistic"
"Africa","AGO","Angola","Huila","1.84","1.89","1.94","Pessimistic"
"Africa","AGO","Angola","Luanda","4.24","4.33","4.43","Pessimistic"
"Africa","AGO","Angola","Lunda Norte","8.03","8.25","8.49","Pessimistic"
"Africa","AGO","Angola","Lunda Sul","4.87","4.98","5.1","Pessimistic"
"Africa","AGO","Angola","Malanje","15.38","15.96","16.58","Pessimistic"
"Africa","AGO","Angola","Moxico","7.41","7.61","7.81","Pessimistic"
"Africa","AGO","Angola","Namibe","1.75","1.82","1.9","Pessimistic"
"Africa","AGO","Angola","Uige","13.78","14.27","14.81","Pessimistic"
"Africa","AGO","Angola","Zaire","10.85","11.13","11.42","Pessimistic"
"Africa","BDI","Burundi","Bubanza","3.54","3.58","3.63","Pessimistic"
"Africa","BDI","Burundi","Bujumbura Mairie","2.87","2.91","2.94","Pessimistic"
"Africa","BDI","Burundi","Bujumbura Rural","3.32","3.37","3.41","Pessimistic"
"Africa","BDI","Burundi","Bururi","1.94","1.97","2.01","Pessimistic"
"Africa","BDI","Burundi","Cankuzo","7.26","7.39","7.53","Pessimistic"
"Africa","BDI","Burundi","Cibitoke","5.15","5.22","5.3","Pessimistic"
"Africa","BDI","Burundi","Gitega","7.49","7.62","7.77","Pessimistic"
"Africa","BDI","Burundi","Karuzi","23.79","25","26.34","Pessimistic"
"Africa","BDI","Burundi","Kayanza","5.8","5.89","5.98","Pessimistic"
"Africa","BDI","Burundi","Kirundo","12.43","12.77","13.13","Pessimistic"
"Africa","BDI","Burundi","Makamba","4.89","4.97","5.04","Pessimistic"
"Africa","BDI","Burundi","Muramvya","4.7","4.77","4.85","Pessimistic"
"Africa","BDI","Burundi","Muyinga","20.23","21.1","22.06","Pessimistic"
"Africa","BDI","Burundi","Mwaro","3.17","3.21","3.25","Pessimistic"
"Africa","BDI","Burundi","Ngozi","9.69","9.9","10.13","Pessimistic"
"Africa","BDI","Burundi","Rumonge","3.75","3.81","3.87","Pessimistic"
"Africa","BDI","Burundi","Rutana","5.74","5.83","5.92","Pessimistic"
"Africa","BDI","Burundi","Ruyigi","11.61","11.91","12.22","Pessimistic"
"Africa","BEN","Benin","Alibori","6.53","6.69","6.87","Pessimistic"
"Africa","BEN","Benin","Atakora","13.11","13.52","13.95","Pessimistic"
"Africa","BEN","Benin","Atlantique","7.45","7.61","7.77","Pessimistic"
"Africa","BEN","Benin","Borgou","9.27","9.49","9.73","Pessimistic"
"Africa","BEN","Benin","Collines","8.76","8.95","9.15","Pessimistic"
"Africa","BEN","Benin","Couffo","11.58","11.9","12.23","Pessimistic"
"Africa","BEN","Benin","Donga","9.45","9.66","9.88","Pessimistic"
"Africa","BEN","Benin","Littoral","4.52","4.59","4.67","Pessimistic"
"Africa","BEN","Benin","Mono","9.65","9.89","10.15","Pessimistic"
"Africa","BEN","Benin","Oueme","6.18","6.29","6.42","Pessimistic"
"Africa","BEN","Benin","Plateau","12.4","12.77","13.16","Pessimistic"
"Africa","BEN","Benin","Zou","7.72","7.88","8.04","Pessimistic"
"Africa","BFA","Burkina Faso","Boucle du Mouhoun","9.62","9.84","10.07","Pessimistic"
"Africa","BFA","Burkina Faso","Cascades","3.31","3.34","3.38","Pessimistic"
"Africa","BFA","Burkina Faso","Centre","1.71","1.73","1.75","Pessimistic"
"Africa","BFA","Burkina Faso","Centre-Est","3.61","3.65","3.7","Pessimistic"
"Africa","BFA","Burkina Faso","Centre-Nord","3.81","3.86","3.9","Pessimistic"
"Africa","BFA","Burkina Faso","Centre-Ouest","4.09","4.14","4.19","Pessimistic"
"Africa","BFA","Burkina Faso","Centre-Sud","3.89","3.94","3.99","Pessimistic"
"Africa","BFA","Burkina Faso","Est","5.76","5.85","5.94","Pessimistic"
"Africa","BFA","Burkina Faso","Haut-Bassins","3.85","3.89","3.94","Pessimistic"
"Africa","BFA","Burkina Faso","Nord","4.01","4.05","4.1","Pessimistic"
"Africa","BFA","Burkina Faso","Plateau-Central","3.46","3.5","3.53","Pessimistic"
"Africa","BFA","Burkina Faso","Sahel","4.13","4.18","4.23","Pessimistic"
"Africa","BFA","Burkina Faso","Sud-Ouest","5.67","5.76","5.84","Pessimistic"
"Africa","BWA","Botswana","Central","1.27","1.36","1.47","Pessimistic"
"Africa","BWA","Botswana","Chobe","1.3","1.39","1.51","Pessimistic"
"Africa","BWA","Botswana","Ghanzi","1.3","1.4","1.51","Pessimistic"
"Africa","BWA","Botswana","Kgatleng","1.3","1.4","1.51","Pessimistic"
"Africa","BWA","Botswana","Kweneng","1.3","1.4","1.52","Pessimistic"
"Africa","BWA","Botswana","North-East","1.29","1.38","1.5","Pessimistic"
"Africa","BWA","Botswana","North-West","1.29","1.38","1.49","Pessimistic"
"Africa","CAF","Central African Republic","Bamingui-Bangoran","2.54","2.59","2.65","Pessimistic"
"Africa","CAF","Central African Republic","Bangui","2.91","2.97","3.03","Pessimistic"
"Africa","CAF","Central African Republic","Basse-Kotto","5.98","6.11","6.24","Pessimistic"
"Africa","CAF","Central African Republic","Haut-Mbomou","3.49","3.56","3.62","Pessimistic"
"Africa","CAF","Central African Republic","Haute-Kotto","3.94","4.02","4.1","Pessimistic"
"Africa","CAF","Central African Republic","Kemo","3.59","3.66","3.73","Pessimistic"
"Africa","CAF","Central African Republic","Lobaye","4.71","4.8","4.9","Pessimistic"
"Africa","CAF","Central African Republic","Mambere-Kadei","4.85","4.95","5.06","Pessimistic"
"Africa","CAF","Central African Republic","Mbomou","4.83","4.93","5.04","Pessimistic"
"Africa","CAF","Central African Republic","Nana-Gribizi","3.4","3.47","3.54","Pessimistic"
"Africa","CAF","Central African Republic","Nana-Mambere","4.5","4.6","4.69","Pessimistic"
"Africa","CAF","Central African Republic","Ombella M'Poko","4.67","4.77","4.87","Pessimistic"
"Africa","CAF","Central African Republic","Ouaka","4.14","4.23","4.31","Pessimistic"
"Africa","CAF","Central African Republic","Ouham","3.19","3.25","3.31","Pessimistic"
"Africa","CAF","Central African Republic","Ouham Pende","3.32","3.38","3.45","Pessimistic"
"Africa","CAF","Central African Republic","Sangha-Mbaere","4.66","4.75","4.85","Pessimistic"
"Africa","CAF","Central African Republic","Vakaga","2.58","2.65","2.71","Pessimistic"
"Africa","CIV","Côte d'Ivoire","Abidjan","2","2.07","2.14","Pessimistic"
"Africa","CIV","Côte d'Ivoire","Bas-Sassandra","5.46","5.59","5.71","Pessimistic"
"Africa","CIV","Côte d'Ivoire","Comoe","7.1","7.28","7.46","Pessimistic"
"Africa","CIV","Côte d'Ivoire","Denguele","3.22","3.28","3.35","Pessimistic"
"Africa","CIV","Côte d'Ivoire","Goh-Djiboua","3.53","3.59","3.66","Pessimistic"
"Africa","CIV","Côte d'Ivoire","Lacs","5.13","5.26","5.4","Pessimistic"
"Africa","CIV","Côte d'Ivoire","Lagunes","3","3.05","3.1","Pessimistic"
"Africa","CIV","Côte d'Ivoire","Montagnes","6.33","6.47","6.61","Pessimistic"
"Africa","CIV","Côte d'Ivoire","Sassandra-Marahoue","4.56","4.65","4.75","Pessimistic"
"Africa","CIV","Côte d'Ivoire","Savanes","3.55","3.62","3.68","Pessimistic"
"Africa","CIV","Côte d'Ivoire","Vallee du Bandama","6.16","6.31","6.47","Pessimistic"
"Africa","CIV","Côte d'Ivoire","Woroba","5.64","5.76","5.89","Pessimistic"
"Africa","CIV","Côte d'Ivoire","Yamoussoukro","3.24","3.32","3.41","Pessimistic"
"Africa","CIV","Côte d'Ivoire","Zanzan","5.51","5.64","5.78","Pessimistic"
"Africa","CMR","Cameroon","Adamaoua","7.44","7.61","7.78","Pessimistic"
"Africa","CMR","Cameroon","Centre","3.8","3.86","3.92","Pessimistic"
"Africa","CMR","Cameroon","Est","16.65","17.29","17.99","Pessimistic"
"Africa","CMR","Cameroon","Extreme Nord","4.19","4.26","4.34","Pessimistic"
"Africa","CMR","Cameroon","Littoral","3.64","3.7","3.76","Pessimistic"
"Africa","CMR","Cameroon","Nord","4.22","4.29","4.36","Pessimistic"
"Africa","CMR","Cameroon","North West","2.93","2.97","3.02","Pessimistic"
"Africa","CMR","Cameroon","Ouest","2.56","2.59","2.62","Pessimistic"
"Africa","CMR","Cameroon","South West","3.28","3.32","3.36","Pessimistic"
"Africa","CMR","Cameroon","Sud","6.61","6.74","6.88","Pessimistic"
"Africa","COD","Democratic Republic of the Congo","Bas-Uele","16.34","16.92","17.55","Pessimistic"
"Africa","COD","Democratic Republic of the Congo","Equateur","8.4","8.57","8.75","Pessimistic"
"Africa","COD","Democratic Republic of the Congo","Haut-Katanga","6.21","6.32","6.42","Pessimistic"
"Africa","COD","Democratic Republic of the Congo","Haut-Lomami","7.76","7.91","8.07","Pessimistic"
"Africa","COD","Democratic Republic of the Congo","Haut-Uele","12.72","13.08","13.47","Pessimistic"
"Africa","COD","Democratic Republic of the Congo","Ituri","8.69","8.87","9.06","Pessimistic"
"Africa","COD","Democratic Republic of the Congo","Kasai","4.42","4.48","4.54","Pessimistic"
"Africa","COD","Democratic Republic of the Congo","Kasai Central","4.88","4.95","5.03","Pessimistic"
"Africa","COD","Democratic Republic of the Congo","Kasai Oriental","1.99","2.01","2.04","Pessimistic"
"Africa","COD","Democratic Republic of the Congo","Kinshasa","1.36","1.38","1.4","Pessimistic"
"Africa","COD","Democratic Republic of the Congo","Kongo Central","7.95","8.1","8.26","Pessimistic"
"Africa","COD","Democratic Republic of the Congo","Kwango","7.15","7.28","7.41","Pessimistic"
"Africa","COD","Democratic Republic of the Congo","Kwilu","6.57","6.68","6.79","Pessimistic"
"Africa","COD","Democratic Republic of the Congo","Lomami","7.45","7.59","7.73","Pessimistic"
"Africa","COD","Democratic Republic of the Congo","Lualaba","8.61","8.79","8.98","Pessimistic"
"Africa","COD","Democratic Republic of the Congo","Mai-Ndombe","5.4","5.48","5.57","Pessimistic"
"Africa","COD","Democratic Republic of the Congo","Maniema","4.05","4.1","4.15","Pessimistic"
"Africa","COD","Democratic Republic of the Congo","Mongala","8.92","9.11","9.3","Pessimistic"
"Africa","COD","Democratic Republic of the Congo","Nord-Kivu","2.38","2.41","2.43","Pessimistic"
"Africa","COD","Democratic Republic of the Congo","Nord-Ubangi","6.53","6.64","6.75","Pessimistic"
"Africa","COD","Democratic Republic of the Congo","Sankuru","7.36","7.5","7.64","Pessimistic"
"Africa","COD","Democratic Republic of the Congo","Sud-Kivu","2.6","2.63","2.66","Pessimistic"
"Africa","COD","Democratic Republic of the Congo","Sud-Ubangi","13.03","13.41","13.8","Pessimistic"
"Africa","COD","Democratic Republic of the Congo","Tanganyka","5.38","5.46","5.55","Pessimistic"
"Africa","COD","Democratic Republic of the Congo","Tshopo","12.65","13.01","13.39","Pessimistic"
"Africa","COD","Democratic Republic of the Congo","Tshuapa","35.82","38.58","40+","Pessimistic"
"Africa","COG","Congo","Bouenza","2.44","2.48","2.54","Pessimistic"
"Africa","COG","Congo","Brazzaville","2.09","2.19","2.3","Pessimistic"
"Africa","COG","Congo","Cuvette","4.99","5.12","5.27","Pessimistic"
"Africa","COG","Congo","Cuvette-Ouest","3.41","3.48","3.55","Pessimistic"
"Africa","COG","Congo","Kouilou","2.31","2.35","2.39","Pessimistic"
"Africa","COG","Congo","Lekoumou","2.82","2.88","2.93","Pessimistic"
"Africa","COG","Congo","Likouala","10.77","11.13","11.52","Pessimistic"
"Africa","COG","Congo","Niari","3.63","3.72","3.81","Pessimistic"
"Africa","COG","Congo","Plateaux","2.82","2.88","2.94","Pessimistic"
"Africa","COG","Congo","Point-Noire","2.02","2.06","2.11","Pessimistic"
"Africa","COG","Congo","Pool","2.16","2.21","2.27","Pessimistic"
"Africa","COG","Congo","Sangha","8.07","8.34","8.63","Pessimistic"
"Africa","COM","Comoros","Anjouan","2.52","2.78","3.09","Pessimistic"
"Africa","COM","Comoros","Moheli","2.41","2.64","2.92","Pessimistic"
"Africa","COM","Comoros","Ngazidja","2.52","2.78","3.08","Pessimistic"
"Africa","DJI","Djibouti","Ali Sabieh","1.54","1.56","1.58","Pessimistic"
"Africa","DJI","Djibouti","Dikhil","1.33","1.36","1.39","Pessimistic"
"Africa","DJI","Djibouti","Djibouti","1.08","1.14","1.22","Pessimistic"
"Africa","DJI","Djibouti","Obock","40+","40+","40+","Pessimistic"
"Africa","DJI","Djibouti","Tadjourah","40+","40+","40+","Pessimistic"
"Africa","ERI","Eritrea","Anseba","1.52","1.64","1.77","Pessimistic"
"Africa","ERI","Eritrea","Archipelagos","1.5","1.62","1.76","Pessimistic"
"Africa","ERI","Eritrea","Debub","1.47","1.57","1.69","Pessimistic"
"Africa","ERI","Eritrea","Debubawi Keih Bahri","1.49","1.61","1.74","Pessimistic"
"Africa","ERI","Eritrea","Gash Barka","1.57","1.67","1.79","Pessimistic"
"Africa","ERI","Eritrea","Maekel","1.49","1.61","1.74","Pessimistic"
"Africa","ERI","Eritrea","Semenawi Keih Bahri","1.46","1.56","1.67","Pessimistic"
"Africa","ETH","Ethiopia","Addis Ababa","1.49","1.61","1.77","Pessimistic"
"Africa","ETH","Ethiopia","Afar","1.96","2.11","2.27","Pessimistic"
"Africa","ETH","Ethiopia","Amhara","2.15","2.33","2.54","Pessimistic"
"Africa","ETH","Ethiopia","Beneshangul Gumu","2.1","2.21","2.34","Pessimistic"
"Africa","ETH","Ethiopia","Dire Dawa","1.7","1.84","2","Pessimistic"
"Africa","ETH","Ethiopia","Gambela","2.11","2.2","2.3","Pessimistic"
"Africa","ETH","Ethiopia","Hareri","1.65","1.78","1.94","Pessimistic"
"Africa","ETH","Ethiopia","Oromia","2.25","2.38","2.53","Pessimistic"
"Africa","ETH","Ethiopia","SNNPR","2.17","2.3","2.45","Pessimistic"
"Africa","ETH","Ethiopia","Somali","2.6","2.73","2.88","Pessimistic"
"Africa","ETH","Ethiopia","Tigray","2.06","2.24","2.44","Pessimistic"
"Africa","GAB","Gabon","Estuaire","4.18","4.33","4.49","Pessimistic"
"Africa","GAB","Gabon","Haut-Ogooue","3.8","3.93","4.07","Pessimistic"
"Africa","GAB","Gabon","Moyen-Ogooue","3.25","3.39","3.53","Pessimistic"
"Africa","GAB","Gabon","Ngounie","4.23","4.39","4.56","Pessimistic"
"Africa","GAB","Gabon","Nyanga","5.44","5.63","5.84","Pessimistic"
"Africa","GAB","Gabon","Ogooue-Ivindo","8.76","9.19","9.67","Pessimistic"
"Africa","GAB","Gabon","Ogooue-Maritime","3.85","3.98","4.11","Pessimistic"
"Africa","GAB","Gabon","Ogooue-lolo","4.77","4.95","5.15","Pessimistic"
"Africa","GAB","Gabon","Woleu-Ntem","8.11","8.48","8.89","Pessimistic"
"Africa","GHA","Ghana","Ashanti","1.82","1.83","1.85","Pessimistic"
"Africa","GHA","Ghana","Brong Ahafo","2.86","2.89","2.93","Pessimistic"
"Africa","GHA","Ghana","Central","3.45","3.49","3.53","Pessimistic"
"Africa","GHA","Ghana","Eastern","4.1","4.16","4.22","Pessimistic"
"Africa","GHA","Ghana","Greater Accra","1.39","1.41","1.42","Pessimistic"
"Africa","GHA","Ghana","Northern","3.81","3.86","3.9","Pessimistic"
"Africa","GHA","Ghana","Upper East","1.84","1.86","1.87","Pessimistic"
"Africa","GHA","Ghana","Upper West","3.59","3.63","3.67","Pessimistic"
"Africa","GHA","Ghana","Volta","3.83","3.88","3.92","Pessimistic"
"Africa","GHA","Ghana","Western","5.18","5.25","5.33","Pessimistic"
"Africa","GIN","Guinea","Boke","3.47","3.53","3.59","Pessimistic"
"Africa","GIN","Guinea","Conakry","2.61","2.66","2.7","Pessimistic"
"Africa","GIN","Guinea","Faranah","6.58","6.71","6.85","Pessimistic"
"Africa","GIN","Guinea","Kankan","5.09","5.19","5.29","Pessimistic"
"Africa","GIN","Guinea","Kindia","4.82","4.91","5.01","Pessimistic"
"Africa","GIN","Guinea","Labe","3.34","3.41","3.47","Pessimistic"
"Africa","GIN","Guinea","Mamou","4.38","4.46","4.55","Pessimistic"
"Africa","GIN","Guinea","Nzerekore","6.26","6.38","6.5","Pessimistic"
"Africa","GMB","Gambia","Central River","2.27","2.35","2.44","Pessimistic"
"Africa","GMB","Gambia","Kanifing Municipal Council","2.43","2.5","2.57","Pessimistic"
"Africa","GMB","Gambia","Lower River","2.23","2.31","2.4","Pessimistic"
"Africa","GMB","Gambia","North Bank","2.29","2.37","2.44","Pessimistic"
"Africa","GMB","Gambia","Upper River","2.27","2.35","2.44","Pessimistic"
"Africa","GMB","Gambia","West Coast","2.55","2.61","2.68","Pessimistic"
"Africa","GNB","Guinea-Bissau","Bafata","2.06","2.16","2.27","Pessimistic"
"Africa","GNB","Guinea-Bissau","Biombo","1.92","2.03","2.16","Pessimistic"
"Africa","GNB","Guinea-Bissau","Bissau","1.84","1.97","2.12","Pessimistic"
"Africa","GNB","Guinea-Bissau","Bolama","1.93","2.06","2.21","Pessimistic"
"Africa","GNB","Guinea-Bissau","Cacheu","1.92","2.04","2.18","Pessimistic"
"Africa","GNB","Guinea-Bissau","Gabu","2.18","2.26","2.35","Pessimistic"
"Africa","GNB","Guinea-Bissau","Oio","2","2.11","2.23","Pessimistic"
"Africa","GNB","Guinea-Bissau","Quinara","2.05","2.15","2.26","Pessimistic"
"Africa","GNB","Guinea-Bissau","Tombali","2.06","2.16","2.28","Pessimistic"
"Africa","GNQ","Equatorial Guinea","Bioko Norte","3.57","3.63","3.68","Pessimistic"
"Africa","GNQ","Equatorial Guinea","Bioko Sur","3","3.04","3.08","Pessimistic"
"Africa","GNQ","Equatorial Guinea","Centro Sur","2.9","2.94","2.98","Pessimistic"
"Africa","GNQ","Equatorial Guinea","Kie-Ntem","3.62","3.67","3.73","Pessimistic"
"Africa","GNQ","Equatorial Guinea","Litoral","2.97","3.01","3.05","Pessimistic"
"Africa","GNQ","Equatorial Guinea","Wele-Nzas","2.64","2.67","2.71","Pessimistic"
"Africa","KEN","Kenya","Baringo","1.38","1.46","1.56","Pessimistic"
"Africa","KEN","Kenya","Bomet","1.29","1.37","1.47","Pessimistic"
"Africa","KEN","Kenya","Bungoma","1.67","1.76","1.86","Pessimistic"
"Africa","KEN","Kenya","Busia","1.98","2.03","2.09","Pessimistic"
"Africa","KEN","Kenya","Elgeyo-Marakwet","1.28","1.36","1.46","Pessimistic"
"Africa","KEN","Kenya","Embu","1.41","1.49","1.58","Pessimistic"
"Africa","KEN","Kenya","Garissa","1.5","1.56","1.63","Pessimistic"
"Africa","KEN","Kenya","Homa Bay","1.61","1.71","1.83","Pessimistic"
"Africa","KEN","Kenya","Isiolo","1.47","1.54","1.62","Pessimistic"
"Africa","KEN","Kenya","Kajiado","1.47","1.54","1.62","Pessimistic"
"Africa","KEN","Kenya","Kakamega","1.64","1.73","1.84","Pessimistic"
"Africa","KEN","Kenya","Kericho","1.29","1.37","1.46","Pessimistic"
"Africa","KEN","Kenya","Kiambu","1.42","1.52","1.64","Pessimistic"
"Africa","KEN","Kenya","Kilifi","1.9","1.94","1.98","Pessimistic"
"Africa","KEN","Kenya","Kirinyaga","1.47","1.56","1.67","Pessimistic"
"Africa","KEN","Kenya","Kisii","1.32","1.39","1.48","Pessimistic"
"Africa","KEN","Kenya","Kisumu","1.59","1.69","1.81","Pessimistic"
"Africa","KEN","Kenya","Kitui","1.51","1.57","1.64","Pessimistic"
"Africa","KEN","Kenya","Kwale","1.85","1.89","1.94","Pessimistic"
"Africa","KEN","Kenya","Laikipia","1.42","1.52","1.64","Pessimistic"
"Africa","KEN","Kenya","Lamu","1.73","1.78","1.84","Pessimistic"
"Africa","KEN","Kenya","Machakos","1.5","1.58","1.68","Pessimistic"
"Africa","KEN","Kenya","Makueni","1.61","1.68","1.75","Pessimistic"
"Africa","KEN","Kenya","Mandera","1.64","1.68","1.73","Pessimistic"
"Africa","KEN","Kenya","Marsabit","1.52","1.58","1.65","Pessimistic"
"Africa","KEN","Kenya","Meru","1.49","1.58","1.68","Pessimistic"
"Africa","KEN","Kenya","Migori","1.64","1.73","1.84","Pessimistic"
"Africa","KEN","Kenya","Mombasa","1.66","1.72","1.78","Pessimistic"
"Africa","KEN","Kenya","Murang'a","1.46","1.55","1.66","Pessimistic"
"Africa","KEN","Kenya","Nairobi","1.39","1.5","1.63","Pessimistic"
"Africa","KEN","Kenya","Nakuru","1.29","1.37","1.46","Pessimistic"
"Africa","KEN","Kenya","Nandi","1.28","1.36","1.46","Pessimistic"
"Africa","KEN","Kenya","Narok","1.28","1.37","1.46","Pessimistic"
"Africa","KEN","Kenya","Nyamira","1.31","1.39","1.48","Pessimistic"
"Africa","KEN","Kenya","Nyandarua","1.38","1.49","1.62","Pessimistic"
"Africa","KEN","Kenya","Nyeri","1.43","1.53","1.65","Pessimistic"
"Africa","KEN","Kenya","Samburu","1.41","1.49","1.58","Pessimistic"
"Africa","KEN","Kenya","Siaya","1.99","2.04","2.09","Pessimistic"
"Africa","KEN","Kenya","Taita Taveta","1.77","1.82","1.87","Pessimistic"
"Africa","KEN","Kenya","Tana River","1.63","1.68","1.73","Pessimistic"
"Africa","KEN","Kenya","Tharaka-Nithi","1.42","1.5","1.59","Pessimistic"
"Africa","KEN","Kenya","Trans Nzoia","1.34","1.41","1.49","Pessimistic"
"Africa","KEN","Kenya","Turkana","1.47","1.54","1.61","Pessimistic"
"Africa","KEN","Kenya","Uasin Gishu","1.27","1.36","1.46","Pessimistic"
"Africa","KEN","Kenya","Vihiga","1.61","1.71","1.83","Pessimistic"
"Africa","KEN","Kenya","Wajir","1.54","1.6","1.66","Pessimistic"
"Africa","KEN","Kenya","West Pokot","1.45","1.51","1.56","Pessimistic"
"Africa","LBR","Liberia","Bomi","4.09","4.16","4.23","Pessimistic"
"Africa","LBR","Liberia","Bong","10.62","10.9","11.2","Pessimistic"
"Africa","LBR","Liberia","Gbapolu","11.3","11.61","11.94","Pessimistic"
"Africa","LBR","Liberia","Grand Bassa","5.72","5.82","5.93","Pessimistic"
"Africa","LBR","Liberia","Grand Cape Mount","5.56","5.66","5.76","Pessimistic"
"Africa","LBR","Liberia","Grand Gedeh","8.92","9.13","9.34","Pessimistic"
"Africa","LBR","Liberia","Grand Kru","10.02","10.27","10.54","Pessimistic"
"Africa","LBR","Liberia","Lofa","7.36","7.52","7.68","Pessimistic"
"Africa","LBR","Liberia","Margibi","5.43","5.52","5.62","Pessimistic"
"Africa","LBR","Liberia","Maryland","7.18","7.33","7.49","Pessimistic"
"Africa","LBR","Liberia","Montserrado","2.27","2.3","2.33","Pessimistic"
"Africa","LBR","Liberia","Nimba","9.89","10.14","10.41","Pessimistic"
"Africa","LBR","Liberia","River Cess","6.16","6.27","6.39","Pessimistic"
"Africa","LBR","Liberia","River Gee","9.27","9.49","9.73","Pessimistic"
"Africa","LBR","Liberia","Sinoe","8.19","8.36","8.55","Pessimistic"
"Africa","MDG","Madagascar","Alaotra Mangoro","2.24","2.31","2.4","Pessimistic"
"Africa","MDG","Madagascar","Amoron I Mania","1.93","2.03","2.15","Pessimistic"
"Africa","MDG","Madagascar","Analamanga","1.73","1.82","1.92","Pessimistic"
"Africa","MDG","Madagascar","Analanjirofo","1.96","1.99","2.02","Pessimistic"
"Africa","MDG","Madagascar","Androy","1.78","1.89","2.02","Pessimistic"
"Africa","MDG","Madagascar","Anosy","1.81","1.88","1.95","Pessimistic"
"Africa","MDG","Madagascar","Atsimo Andrefana","2.19","2.23","2.28","Pessimistic"
"Africa","MDG","Madagascar","Atsimo Atsinanana","1.77","1.8","1.84","Pessimistic"
"Africa","MDG","Madagascar","Atsinanana","1.75","1.78","1.82","Pessimistic"
"Africa","MDG","Madagascar","Betsiboka","1.66","1.71","1.78","Pessimistic"
"Africa","MDG","Madagascar","Boeny","1.8","1.86","1.93","Pessimistic"
"Africa","MDG","Madagascar","Bongolava","1.59","1.63","1.67","Pessimistic"
"Africa","MDG","Madagascar","Diana","1.47","1.52","1.57","Pessimistic"
"Africa","MDG","Madagascar","Haute Matsiatra","1.72","1.79","1.86","Pessimistic"
"Africa","MDG","Madagascar","Ihorombe","1.95","2.02","2.1","Pessimistic"
"Africa","MDG","Madagascar","Itasy","1.54","1.62","1.7","Pessimistic"
"Africa","MDG","Madagascar","Melaky","1.55","1.58","1.62","Pessimistic"
"Africa","MDG","Madagascar","Menabe","1.64","1.68","1.72","Pessimistic"
"Africa","MDG","Madagascar","Sava","1.68","1.73","1.78","Pessimistic"
"Africa","MDG","Madagascar","Sofia","2.01","2.06","2.12","Pessimistic"
"Africa","MDG","Madagascar","Vakinankaratra","1.68","1.77","1.87","Pessimistic"
"Africa","MDG","Madagascar","Vatovavy Fitovinany","1.86","1.91","1.96","Pessimistic"
"Africa","MLI","Mali","Bamako","2.94","2.99","3.04","Pessimistic"
"Africa","MLI","Mali","Gao","3.12","3.18","3.24","Pessimistic"
"Africa","MLI","Mali","Kayes","4.55","4.63","4.72","Pessimistic"
"Africa","MLI","Mali","Kidal","2.08","2.14","2.2","Pessimistic"
"Africa","MLI","Mali","Koulikoro","5.38","5.48","5.59","Pessimistic"
"Africa","MLI","Mali","Mopti","3.77","3.85","3.92","Pessimistic"
"Africa","MLI","Mali","Segou","5.05","5.14","5.25","Pessimistic"
"Africa","MLI","Mali","Sikasso","5.96","6.08","6.21","Pessimistic"
"Africa","MLI","Mali","Tombouctou","2.15","2.21","2.26","Pessimistic"
"Africa","MOZ","Mozambique","Cabo Delgado","8.19","8.35","8.51","Pessimistic"
"Africa","MOZ","Mozambique","Gaza","2.21","2.23","2.25","Pessimistic"
"Africa","MOZ","Mozambique","Inhambane","3.36","3.39","3.43","Pessimistic"
"Africa","MOZ","Mozambique","Manica","4.51","4.56","4.62","Pessimistic"
"Africa","MOZ","Mozambique","Maputo","1.75","1.77","1.79","Pessimistic"
"Africa","MOZ","Mozambique","Nampula","7.59","7.74","7.89","Pessimistic"
"Africa","MOZ","Mozambique","Niassa","6.04","6.13","6.23","Pessimistic"
"Africa","MOZ","Mozambique","Sofala","4.61","4.67","4.73","Pessimistic"
"Africa","MOZ","Mozambique","Tete","3.06","3.09","3.12","Pessimistic"
"Africa","MOZ","Mozambique","Zambezia","6.11","6.2","6.3","Pessimistic"
"Africa","MRT","Mauritania","Assaba","2.03","2.13","2.25","Pessimistic"
"Africa","MRT","Mauritania","Brakna","2.12","2.17","2.23","Pessimistic"
"Africa","MRT","Mauritania","Gorgol","2.47","2.6","2.75","Pessimistic"
"Africa","MRT","Mauritania","Guidimakha","2.68","2.89","3.14","Pessimistic"
"Africa","MRT","Mauritania","Hodh Ech Chargi","2.41","2.49","2.58","Pessimistic"
"Africa","MRT","Mauritania","Hodh El Gharbi","2.7","2.8","2.91","Pessimistic"
"Africa","MRT","Mauritania","Nouakchott","1.85","1.98","2.13","Pessimistic"
"Africa","MRT","Mauritania","Tagant","2.54","2.71","2.9","Pessimistic"
"Africa","MRT","Mauritania","Trarza","2.03","2.1","2.17","Pessimistic"
"Africa","MWI","Malawi","Central Region","2.31","2.33","2.35","Pessimistic"
"Africa","MWI","Malawi","Northern Region","1.74","1.76","1.77","Pessimistic"
"Africa","MWI","Malawi","Southern Region","2.51","2.54","2.57","Pessimistic"
"Africa","NAM","Namibia","Erongo","1.06","1.13","1.21","Pessimistic"
"Africa","NAM","Namibia","Kavango","1.18","1.24","1.32","Pessimistic"
"Africa","NAM","Namibia","Khomas","1.2","1.29","1.39","Pessimistic"
"Africa","NAM","Namibia","Kunene","1.22","1.3","1.38","Pessimistic"
"Africa","NAM","Namibia","Ohangwena","1.12","1.19","1.26","Pessimistic"
"Africa","NAM","Namibia","Omaheke","1.17","1.25","1.34","Pessimistic"
"Africa","NAM","Namibia","Omusati","1.05","1.11","1.17","Pessimistic"
"Africa","NAM","Namibia","Oshana","1.04","1.1","1.16","Pessimistic"
"Africa","NAM","Namibia","Oshikoto","1.18","1.25","1.33","Pessimistic"
"Africa","NAM","Namibia","Otjozondjupa","1.22","1.3","1.38","Pessimistic"
"Africa","NAM","Namibia","Zambezi","1.11","1.18","1.26","Pessimistic"
"Africa","NER","Niger","Agadez","2.18","2.27","2.36","Pessimistic"
"Africa","NER","Niger","Diffa","4.28","4.36","4.45","Pessimistic"
"Africa","NER","Niger","Dosso","5.65","5.77","5.9","Pessimistic"
"Africa","NER","Niger","Maradi","3.49","3.55","3.62","Pessimistic"
"Africa","NER","Niger","Niamey","2.29","2.34","2.4","Pessimistic"
"Africa","NER","Niger","Tahoua","3.05","3.11","3.16","Pessimistic"
"Africa","NER","Niger","Tillabery","4.2","4.29","4.39","Pessimistic"
"Africa","NER","Niger","Zinder","4.47","4.55","4.64","Pessimistic"
"Africa","NGA","Nigeria","Abia","5.25","5.32","5.4","Pessimistic"
"Africa","NGA","Nigeria","Abuja","3.87","3.92","3.98","Pessimistic"
"Africa","NGA","Nigeria","Adamawa","3.91","3.97","4.03","Pessimistic"
"Africa","NGA","Nigeria","Akwa Ibom","6.41","6.53","6.65","Pessimistic"
"Africa","NGA","Nigeria","Anambra","2.29","2.31","2.33","Pessimistic"
"Africa","NGA","Nigeria","Bauchi","5.84","5.94","6.04","Pessimistic"
"Africa","NGA","Nigeria","Bayelsa","5.16","5.25","5.34","Pessimistic"
"Africa","NGA","Nigeria","Benue","3.91","3.96","4.01","Pessimistic"
"Africa","NGA","Nigeria","Borno","4.32","4.38","4.45","Pessimistic"
"Africa","NGA","Nigeria","Cross River","6.19","6.3","6.42","Pessimistic"
"Africa","NGA","Nigeria","Delta","4.87","4.96","5.04","Pessimistic"
"Africa","NGA","Nigeria","Ebonyi","5.5","5.58","5.67","Pessimistic"
"Africa","NGA","Nigeria","Edo","4.82","4.9","4.99","Pessimistic"
"Africa","NGA","Nigeria","Ekiti","8.79","8.98","9.17","Pessimistic"
"Africa","NGA","Nigeria","Enugu","3.33","3.37","3.41","Pessimistic"
"Africa","NGA","Nigeria","Gombe","5.42","5.51","5.6","Pessimistic"
"Africa","NGA","Nigeria","Imo","3.34","3.38","3.42","Pessimistic"
"Africa","NGA","Nigeria","Jigawa","5.28","5.36","5.45","Pessimistic"
"Africa","NGA","Nigeria","Kaduna","5.45","5.53","5.62","Pessimistic"
"Africa","NGA","Nigeria","Kano","5.58","5.67","5.76","Pessimistic"
"Africa","NGA","Nigeria","Katsina","4.37","4.43","4.49","Pessimistic"
"Africa","NGA","Nigeria","Kebbi","6.15","6.26","6.36","Pessimistic"
"Africa","NGA","Nigeria","Kogi","5.6","5.69","5.78","Pessimistic"
"Africa","NGA","Nigeria","Kwara","7.2","7.33","7.47","Pessimistic"
"Africa","NGA","Nigeria","Lagos","2.34","2.37","2.4","Pessimistic"
"Africa","NGA","Nigeria","Nassarawa","3.98","4.03","4.09","Pessimistic"
"Africa","NGA","Nigeria","Niger","5.52","5.6","5.69","Pessimistic"
"Africa","NGA","Nigeria","Ogun","5.01","5.09","5.17","Pessimistic"
"Africa","NGA","Nigeria","Ondo","6.76","6.88","7.01","Pessimistic"
"Africa","NGA","Nigeria","Osun","7.26","7.4","7.54","Pessimistic"
"Africa","NGA","Nigeria","Oyo","5.63","5.72","5.82","Pessimistic"
"Africa","NGA","Nigeria","Plateau","3.52","3.57","3.62","Pessimistic"
"Africa","NGA","Nigeria","Rivers","4.63","4.71","4.79","Pessimistic"
"Africa","NGA","Nigeria","Sokoto","3.28","3.33","3.37","Pessimistic"
"Africa","NGA","Nigeria","Taraba","4.95","5.03","5.11","Pessimistic"
"Africa","NGA","Nigeria","Yobe","4.16","4.23","4.3","Pessimistic"
"Africa","NGA","Nigeria","Zamfara","3.56","3.61","3.66","Pessimistic"
"Africa","RWA","Rwanda","Eastern Province","2.36","2.42","2.49","Pessimistic"
"Africa","RWA","Rwanda","Kigali City","2.18","2.23","2.29","Pessimistic"
"Africa","RWA","Rwanda","Northern Province","2.13","2.25","2.39","Pessimistic"
"Africa","RWA","Rwanda","Southern Province","2.37","2.44","2.51","Pessimistic"
"Africa","RWA","Rwanda","Western Province","2.12","2.2","2.29","Pessimistic"
"Africa","SDN","Sudan","Abyei PCA Area","2.48","2.68","2.92","Pessimistic"
"Africa","SDN","Sudan","Blue Nile","2.62","2.77","2.93","Pessimistic"
"Africa","SDN","Sudan","Central Darfur","2.7","2.85","3.03","Pessimistic"
"Africa","SDN","Sudan","East Darfur","2.63","2.77","2.92","Pessimistic"
"Africa","SDN","Sudan","El Gazira","2.41","2.63","2.89","Pessimistic"
"Africa","SDN","Sudan","Gedaref","2.4","2.6","2.84","Pessimistic"
"Africa","SDN","Sudan","Kassala","2.28","2.48","2.71","Pessimistic"
"Africa","SDN","Sudan","Khartoum","2.05","2.26","2.53","Pessimistic"
"Africa","SDN","Sudan","North Darfur","2.53","2.68","2.86","Pessimistic"
"Africa","SDN","Sudan","North Kordofan","2.4","2.58","2.79","Pessimistic"
"Africa","SDN","Sudan","Northern","2.05","2.25","2.5","Pessimistic"
"Africa","SDN","Sudan","Red Sea","2.26","2.46","2.71","Pessimistic"
"Africa","SDN","Sudan","River Nile","2.15","2.36","2.61","Pessimistic"
"Africa","SDN","Sudan","Sennar","2.41","2.59","2.79","Pessimistic"
"Africa","SDN","Sudan","South Darfur","2.49","2.66","2.85","Pessimistic"
"Africa","SDN","Sudan","South Kordofan","2.41","2.54","2.7","Pessimistic"
"Africa","SDN","Sudan","West Darfur","2.72","2.9","3.1","Pessimistic"
"Africa","SDN","Sudan","West Kordofan","2.85","2.97","3.09","Pessimistic"
"Africa","SDN","Sudan","White Nile","2.31","2.5","2.74","Pessimistic"
"Africa","SEN","Senegal","Dakar","1.81","1.88","1.94","Pessimistic"
"Africa","SEN","Senegal","Diourbel","2.01","2.06","2.13","Pessimistic"
"Africa","SEN","Senegal","Fatick","1.96","2.02","2.09","Pessimistic"
"Africa","SEN","Senegal","Kaffrine","1.93","2","2.07","Pessimistic"
"Africa","SEN","Senegal","Kaolack","1.96","2.02","2.09","Pessimistic"
"Africa","SEN","Senegal","Kedougou","2.24","2.29","2.35","Pessimistic"
"Africa","SEN","Senegal","Kolda","2.13","2.19","2.26","Pessimistic"
"Africa","SEN","Senegal","Louga","2.38","2.47","2.56","Pessimistic"
"Africa","SEN","Senegal","Matam","2.2","2.31","2.43","Pessimistic"
"Africa","SEN","Senegal","Saint-Louis","2.36","2.45","2.54","Pessimistic"
"Africa","SEN","Senegal","Sedhiou","1.98","2.06","2.15","Pessimistic"
"Africa","SEN","Senegal","Tambacounda","2.01","2.08","2.17","Pessimistic"
"Africa","SEN","Senegal","Thies","1.87","1.93","1.99","Pessimistic"
"Africa","SEN","Senegal","Ziguinchor","1.97","2.05","2.14","Pessimistic"
"Africa","SLE","Sierra Leone","Eastern","4.54","4.6","4.66","Pessimistic"
"Africa","SLE","Sierra Leone","Northern","4.86","4.92","4.99","Pessimistic"
"Africa","SLE","Sierra Leone","Southern","4.71","4.77","4.83","Pessimistic"
"Africa","SLE","Sierra Leone","Western Area","1.53","1.55","1.57","Pessimistic"
"Africa","SOM","Somalia","Awdal","2.69","2.88","3.09","Pessimistic"
"Africa","SOM","Somalia","Bakool","3.35","3.46","3.57","Pessimistic"
"Africa","SOM","Somalia","Banadir","3.1","3.22","3.35","Pessimistic"
"Africa","SOM","Somalia","Bari","3.3","3.41","3.53","Pessimistic"
"Africa","SOM","Somalia","Bay","4.2","4.31","4.42","Pessimistic"
"Africa","SOM","Somalia","Galgaduud","2.83","2.98","3.15","Pessimistic"
"Africa","SOM","Somalia","Gedo","3.43","3.54","3.65","Pessimistic"
"Africa","SOM","Somalia","Hiraan","3.21","3.32","3.44","Pessimistic"
"Africa","SOM","Somalia","Juba Dhexe","3.03","3.16","3.3","Pessimistic"
"Africa","SOM","Somalia","Juba Hoose","3.32","3.43","3.54","Pessimistic"
"Africa","SOM","Somalia","Mudug","3.06","3.19","3.32","Pessimistic"
"Africa","SOM","Somalia","Nugaal","2.91","3.05","3.21","Pessimistic"
"Africa","SOM","Somalia","Sanaag","2.98","3.12","3.26","Pessimistic"
"Africa","SOM","Somalia","Shabelle Dhexe","3.42","3.53","3.64","Pessimistic"
"Africa","SOM","Somalia","Shabelle Hoose","3.54","3.65","3.76","Pessimistic"
"Africa","SOM","Somalia","Sool","2.94","3.08","3.24","Pessimistic"
"Africa","SOM","Somalia","Togdheer","2.94","3.08","3.23","Pessimistic"
"Africa","SOM","Somalia","Woqooyi Galbeed","2.82","2.97","3.14","Pessimistic"
"Africa","SSD","South Sudan","Central Equatoria","7.53","7.68","7.84","Pessimistic"
"Africa","SSD","South Sudan","Eastern Equatoria","5.27","5.37","5.46","Pessimistic"
"Africa","SSD","South Sudan","El Buheyrat","2.43","2.46","2.5","Pessimistic"
"Africa","SSD","South Sudan","Jonglei","3.03","3.08","3.12","Pessimistic"
"Africa","SSD","South Sudan","Northern Bahr El Ghazal","2.08","2.12","2.16","Pessimistic"
"Africa","SSD","South Sudan","Unity","2.09","2.13","2.17","Pessimistic"
"Africa","SSD","South Sudan","Upper Nile","2.31","2.35","2.39","Pessimistic"
"Africa","SSD","South Sudan","Warab","2.18","2.22","2.26","Pessimistic"
"Africa","SSD","South Sudan","Western Bahr El Ghazal","2.64","2.68","2.72","Pessimistic"
"Africa","SSD","South Sudan","Western Equatoria","8.28","8.46","8.64","Pessimistic"
"Africa","STP","Sao Tome And Principe","Principe","1.68","1.84","2.04","Pessimistic"
"Africa","STP","Sao Tome And Principe","Sao Tome","1.76","1.87","2","Pessimistic"
"Africa","SWZ","Swaziland","Hhohho","1.94","2.16","2.43","Pessimistic"
"Africa","SWZ","Swaziland","Lubombo","1.85","2.04","2.27","Pessimistic"
"Africa","SWZ","Swaziland","Shiselweni","2.05","2.29","2.6","Pessimistic"
"Africa","TCD","Chad","Barh el Ghazel","2.52","2.6","2.69","Pessimistic"
"Africa","TCD","Chad","Batha","3.32","3.42","3.53","Pessimistic"
"Africa","TCD","Chad","Borkou","1.61","1.75","1.92","Pessimistic"
"Africa","TCD","Chad","Chari-Baguirmi","3.13","3.19","3.26","Pessimistic"
"Africa","TCD","Chad","Ennedi Est","1.61","1.71","1.82","Pessimistic"
"Africa","TCD","Chad","Ennedi Ouest","1.63","1.72","1.83","Pessimistic"
"Africa","TCD","Chad","Guera","2.4","2.44","2.48","Pessimistic"
"Africa","TCD","Chad","Hadjer-Lamis","3.21","3.27","3.34","Pessimistic"
"Africa","TCD","Chad","Kanem","2.43","2.51","2.61","Pessimistic"
"Africa","TCD","Chad","Lac","3","3.09","3.18","Pessimistic"
"Africa","TCD","Chad","Logone Occidental","2.39","2.44","2.49","Pessimistic"
"Africa","TCD","Chad","Logone Oriental","3.26","3.33","3.4","Pessimistic"
"Africa","TCD","Chad","Mandoul","2.43","2.48","2.53","Pessimistic"
"Africa","TCD","Chad","Mayo-Kebbi Est","2.54","2.59","2.65","Pessimistic"
"Africa","TCD","Chad","Mayo-Kebbi Ouest","2.91","2.97","3.03","Pessimistic"
"Africa","TCD","Chad","Moyen-Chari","2.76","2.81","2.87","Pessimistic"
"Africa","TCD","Chad","Ouaddai","2.57","2.65","2.73","Pessimistic"
"Africa","TCD","Chad","Salamat","2.97","3.02","3.07","Pessimistic"
"Africa","TCD","Chad","Sila","3.14","3.21","3.28","Pessimistic"
"Africa","TCD","Chad","Tandjile","2.15","2.21","2.28","Pessimistic"
"Africa","TCD","Chad","Tibesti","1.6","1.74","1.91","Pessimistic"
"Africa","TCD","Chad","Ville de N'Djamena","2.7","2.76","2.83","Pessimistic"
"Africa","TCD","Chad","Wadi Fira","1.9","1.96","2.02","Pessimistic"
"Africa","TGO","Togo","Centrale","3.4","3.44","3.49","Pessimistic"
"Africa","TGO","Togo","Kara","3.69","3.75","3.8","Pessimistic"
"Africa","TGO","Togo","Maritime","3.71","3.77","3.83","Pessimistic"
"Africa","TGO","Togo","Plateaux","5.74","5.84","5.94","Pessimistic"
"Africa","TGO","Togo","Savanes","3.73","3.78","3.83","Pessimistic"
"Africa","TZA","Tanzania","Arusha","1.17","1.19","1.21","Pessimistic"
"Africa","TZA","Tanzania","Dar-es-salaam","1.09","1.11","1.13","Pessimistic"
"Africa","TZA","Tanzania","Dodoma","1.27","1.29","1.31","Pessimistic"
"Africa","TZA","Tanzania","Geita","1.15","1.18","1.2","Pessimistic"
"Africa","TZA","Tanzania","Iringa","1.1","1.11","1.13","Pessimistic"
"Africa","TZA","Tanzania","Kagera","1.23","1.24","1.26","Pessimistic"
"Africa","TZA","Tanzania","Kaskazini Pemba","1","1.02","1.05","Pessimistic"
"Africa","TZA","Tanzania","Kaskazini Unguja","0.97","1","1.03","Pessimistic"
"Africa","TZA","Tanzania","Katavi","1.2","1.21","1.22","Pessimistic"
"Africa","TZA","Tanzania","Kigoma","1.52","1.53","1.54","Pessimistic"
"Africa","TZA","Tanzania","Kilimanjaro","1.1","1.13","1.15","Pessimistic"
"Africa","TZA","Tanzania","Kusini Pemba","0.97","1","1.03","Pessimistic"
"Africa","TZA","Tanzania","Kusini Unguja","1.05","1.07","1.09","Pessimistic"
"Africa","TZA","Tanzania","Lindi","1.31","1.32","1.33","Pessimistic"
"Africa","TZA","Tanzania","Manyara","1.2","1.22","1.25","Pessimistic"
"Africa","TZA","Tanzania","Mara","1.08","1.11","1.14","Pessimistic"
"Africa","TZA","Tanzania","Mbeya","1.1","1.11","1.12","Pessimistic"
"Africa","TZA","Tanzania","Mjini Magharibi","1.01","1.04","1.06","Pessimistic"
"Africa","TZA","Tanzania","Morogoro","1.29","1.3","1.31","Pessimistic"
"Africa","TZA","Tanzania","Mtwara","1.39","1.4","1.41","Pessimistic"
"Africa","TZA","Tanzania","Mwanza","1.12","1.15","1.17","Pessimistic"
"Africa","TZA","Tanzania","Njombe","1.1","1.11","1.13","Pessimistic"
"Africa","TZA","Tanzania","Pwani","1.23","1.25","1.26","Pessimistic"
"Africa","TZA","Tanzania","Rukwa","1.13","1.14","1.15","Pessimistic"
"Africa","TZA","Tanzania","Ruvuma","1.46","1.47","1.48","Pessimistic"
"Africa","TZA","Tanzania","Shinyanga","1.19","1.21","1.23","Pessimistic"
"Africa","TZA","Tanzania","Simiyu","1.1","1.13","1.16","Pessimistic"
"Africa","TZA","Tanzania","Singida","1.22","1.25","1.27","Pessimistic"
"Africa","TZA","Tanzania","Tabora","1.37","1.39","1.4","Pessimistic"
"Africa","TZA","Tanzania","Tanga","1.34","1.36","1.37","Pessimistic"
"Africa","UGA","Uganda","Abim","5.65","5.73","5.81","Pessimistic"
"Africa","UGA","Uganda","Adjumani","2.49","2.51","2.54","Pessimistic"
"Africa","UGA","Uganda","Agago","6.83","6.94","7.05","Pessimistic"
"Africa","UGA","Uganda","Alebtong","3.34","3.37","3.4","Pessimistic"
"Africa","UGA","Uganda","Amolatar","3.55","3.58","3.62","Pessimistic"
"Africa","UGA","Uganda","Amudat","2.55","2.58","2.6","Pessimistic"
"Africa","UGA","Uganda","Amuria","4.79","4.86","4.92","Pessimistic"
"Africa","UGA","Uganda","Amuru","5.78","5.86","5.95","Pessimistic"
"Africa","UGA","Uganda","Apac","5.93","6.02","6.1","Pessimistic"
"Africa","UGA","Uganda","Arua","1.79","1.81","1.82","Pessimistic"
"Africa","UGA","Uganda","Budaka","2.41","2.44","2.46","Pessimistic"
"Africa","UGA","Uganda","Bududa","1.97","1.99","2","Pessimistic"
"Africa","UGA","Uganda","Bugiri","4.98","5.05","5.11","Pessimistic"
"Africa","UGA","Uganda","Buhweju","1.27","1.29","1.3","Pessimistic"
"Africa","UGA","Uganda","Buikwe","1.61","1.62","1.64","Pessimistic"
"Africa","UGA","Uganda","Bukedea","2.59","2.62","2.64","Pessimistic"
"Africa","UGA","Uganda","Bukomansimbi","1.55","1.57","1.58","Pessimistic"
"Africa","UGA","Uganda","Bukwo","1.29","1.31","1.33","Pessimistic"
"Africa","UGA","Uganda","Bulambuli","1.79","1.8","1.82","Pessimistic"
"Africa","UGA","Uganda","Buliisa","2.66","2.69","2.71","Pessimistic"
"Africa","UGA","Uganda","Bundibugyo","1.51","1.52","1.54","Pessimistic"
"Africa","UGA","Uganda","Bushenyi","1.5","1.51","1.53","Pessimistic"
"Africa","UGA","Uganda","Busia","6.19","6.29","6.39","Pessimistic"
"Africa","UGA","Uganda","Butaleja","2.89","2.92","2.95","Pessimistic"
"Africa","UGA","Uganda","Butambala","1.4","1.42","1.43","Pessimistic"
"Africa","UGA","Uganda","Buvuma","2.87","2.9","2.92","Pessimistic"
"Africa","UGA","Uganda","Buyende","2.8","2.83","2.86","Pessimistic"
"Africa","UGA","Uganda","Dokolo","3.8","3.84","3.88","Pessimistic"
"Africa","UGA","Uganda","Gomba","1.56","1.57","1.58","Pessimistic"
"Africa","UGA","Uganda","Gulu","7.05","7.17","7.29","Pessimistic"
"Africa","UGA","Uganda","Hoima","1.74","1.76","1.77","Pessimistic"
"Africa","UGA","Uganda","Ibanda","1.35","1.37","1.38","Pessimistic"
"Africa","UGA","Uganda","Iganga","3.72","3.76","3.8","Pessimistic"
"Africa","UGA","Uganda","Isingiro","1.36","1.37","1.38","Pessimistic"
"Africa","UGA","Uganda","Jinja","2.37","2.39","2.41","Pessimistic"
"Africa","UGA","Uganda","Kaabong","2.82","2.85","2.87","Pessimistic"
"Africa","UGA","Uganda","Kabale","1.02","1.07","1.13","Pessimistic"
"Africa","UGA","Uganda","Kabarole","1.47","1.49","1.51","Pessimistic"
"Africa","UGA","Uganda","Kaberamaido","3.69","3.73","3.78","Pessimistic"
"Africa","UGA","Uganda","Kagadi","1.52","1.53","1.55","Pessimistic"
"Africa","UGA","Uganda","Kakumiro","1.66","1.68","1.69","Pessimistic"
"Africa","UGA","Uganda","Kalangala","1.58","1.59","1.61","Pessimistic"
"Africa","UGA","Uganda","Kaliro","3.25","3.28","3.32","Pessimistic"
"Africa","UGA","Uganda","Kalungu","1.4","1.41","1.43","Pessimistic"
"Africa","UGA","Uganda","Kampala","1.28","1.3","1.33","Pessimistic"
"Africa","UGA","Uganda","Kamuli","3.17","3.2","3.23","Pessimistic"
"Africa","UGA","Uganda","Kamwenge","1.55","1.57","1.58","Pessimistic"
"Africa","UGA","Uganda","Kanungu","1.38","1.4","1.41","Pessimistic"
"Africa","UGA","Uganda","Kapchorwa","1.68","1.69","1.71","Pessimistic"
"Africa","UGA","Uganda","Kasese","1.36","1.38","1.41","Pessimistic"
"Africa","UGA","Uganda","Katakwi","6.68","6.78","6.89","Pessimistic"
"Africa","UGA","Uganda","Kayunga","2.53","2.55","2.57","Pessimistic"
"Africa","UGA","Uganda","Kibaale","1.61","1.62","1.64","Pessimistic"
"Africa","UGA","Uganda","Kiboga","1.26","1.27","1.29","Pessimistic"
"Africa","UGA","Uganda","Kibuku","2.5","2.52","2.55","Pessimistic"
"Africa","UGA","Uganda","Kiryandongo","4.22","4.27","4.32","Pessimistic"
"Africa","UGA","Uganda","Kisoro","1.02","1.08","1.14","Pessimistic"
"Africa","UGA","Uganda","Kitgum","6.6","6.7","6.81","Pessimistic"
"Africa","UGA","Uganda","Koboko","1.48","1.5","1.51","Pessimistic"
"Africa","UGA","Uganda","Kole","6.41","6.5","6.6","Pessimistic"
"Africa","UGA","Uganda","Kotido","4.27","4.32","4.37","Pessimistic"
"Africa","UGA","Uganda","Kumi","3.32","3.36","3.39","Pessimistic"
"Africa","UGA","Uganda","Kween","1.3","1.32","1.34","Pessimistic"
"Africa","UGA","Uganda","Kyankwanzi","1.5","1.52","1.53","Pessimistic"
"Africa","UGA","Uganda","Kyegegwa","1.7","1.72","1.74","Pessimistic"
"Africa","UGA","Uganda","Kyenjojo","1.47","1.49","1.51","Pessimistic"
"Africa","UGA","Uganda","Lamwo","3.87","3.91","3.96","Pessimistic"
"Africa","UGA","Uganda","Lira","4.72","4.77","4.83","Pessimistic"
"Africa","UGA","Uganda","Luuka","3.6","3.64","3.68","Pessimistic"
"Africa","UGA","Uganda","Luwero","1.72","1.73","1.74","Pessimistic"
"Africa","UGA","Uganda","Lwengo","1.49","1.5","1.52","Pessimistic"
"Africa","UGA","Uganda","Lyantonde","1.54","1.56","1.57","Pessimistic"
"Africa","UGA","Uganda","Manafwa","2.01","2.03","2.05","Pessimistic"
"Africa","UGA","Uganda","Maracha","1.5","1.51","1.53","Pessimistic"
"Africa","UGA","Uganda","Masaka","1.47","1.48","1.5","Pessimistic"
"Africa","UGA","Uganda","Masindi","1.87","1.89","1.9","Pessimistic"
"Africa","UGA","Uganda","Mayuge","4.18","4.23","4.28","Pessimistic"
"Africa","UGA","Uganda","Mbale","2.32","2.34","2.36","Pessimistic"
"Africa","UGA","Uganda","Mbarara","1.43","1.45","1.46","Pessimistic"
"Africa","UGA","Uganda","Mitooma","1.41","1.43","1.44","Pessimistic"
"Africa","UGA","Uganda","Mityana","1.39","1.4","1.41","Pessimistic"
"Africa","UGA","Uganda","Moroto","4.36","4.41","4.47","Pessimistic"
"Africa","UGA","Uganda","Moyo","1.85","1.87","1.88","Pessimistic"
"Africa","UGA","Uganda","Mpigi","1.43","1.44","1.46","Pessimistic"
"Africa","UGA","Uganda","Mubende","1.48","1.49","1.5","Pessimistic"
"Africa","UGA","Uganda","Mukono","1.57","1.58","1.59","Pessimistic"
"Africa","UGA","Uganda","Nakapiripirit","4.42","4.48","4.53","Pessimistic"
"Africa","UGA","Uganda","Nakaseke","1.58","1.6","1.61","Pessimistic"
"Africa","UGA","Uganda","Nakasongola","1.74","1.75","1.77","Pessimistic"
"Africa","UGA","Uganda","Namayingo","8.52","8.68","8.85","Pessimistic"
"Africa","UGA","Uganda","Namutumba","3.28","3.31","3.35","Pessimistic"
"Africa","UGA","Uganda","Napak","5.94","6.03","6.12","Pessimistic"
"Africa","UGA","Uganda","Nebbi","3.03","3.06","3.09","Pessimistic"
"Africa","UGA","Uganda","Ngora","3.15","3.18","3.21","Pessimistic"
"Africa","UGA","Uganda","Ntoroko","1.39","1.41","1.43","Pessimistic"
"Africa","UGA","Uganda","Ntungamo","1.36","1.37","1.38","Pessimistic"
"Africa","UGA","Uganda","Nwoya","8.04","8.19","8.34","Pessimistic"
"Africa","UGA","Uganda","Omoro","12.15","12.47","12.81","Pessimistic"
"Africa","UGA","Uganda","Otuke","4.36","4.41","4.46","Pessimistic"
"Africa","UGA","Uganda","Oyam","9.71","9.92","10.13","Pessimistic"
"Africa","UGA","Uganda","Pader","7.54","7.67","7.8","Pessimistic"
"Africa","UGA","Uganda","Pallisa","2.22","2.24","2.26","Pessimistic"
"Africa","UGA","Uganda","Rakai","1.49","1.51","1.52","Pessimistic"
"Africa","UGA","Uganda","Rubanda","1","1.06","1.12","Pessimistic"
"Africa","UGA","Uganda","Rubirizi","1.34","1.35","1.37","Pessimistic"
"Africa","UGA","Uganda","Rukungiri","1.37","1.39","1.4","Pessimistic"
"Africa","UGA","Uganda","Serere","2.59","2.62","2.65","Pessimistic"
"Africa","UGA","Uganda","Sheema","1.5","1.51","1.52","Pessimistic"
"Africa","UGA","Uganda","Sironko","1.86","1.88","1.89","Pessimistic"
"Africa","UGA","Uganda","Soroti","3.76","3.8","3.84","Pessimistic"
"Africa","UGA","Uganda","Ssembabule","1.68","1.69","1.71","Pessimistic"
"Africa","UGA","Uganda","Tororo","2.81","2.84","2.87","Pessimistic"
"Africa","UGA","Uganda","Wakiso","1.35","1.37","1.38","Pessimistic"
"Africa","UGA","Uganda","Yumbe","1.65","1.67","1.68","Pessimistic"
"Africa","UGA","Uganda","Zombo","3.22","3.25","3.29","Pessimistic"
"Africa","ZAF","South Africa","Gauteng","1.83","2.02","2.25","Pessimistic"
"Africa","ZAF","South Africa","KwaZulu-Natal","1.83","2.02","2.26","Pessimistic"
"Africa","ZAF","South Africa","Limpopo","1.84","2.03","2.27","Pessimistic"
"Africa","ZAF","South Africa","Mpumalanga","1.84","2.03","2.27","Pessimistic"
"Africa","ZAF","South Africa","North West","1.84","2.03","2.27","Pessimistic"
"Africa","ZMB","Zambia","Central","1.39","1.39","1.4","Pessimistic"
"Africa","ZMB","Zambia","Copperbelt","1.21","1.22","1.23","Pessimistic"
"Africa","ZMB","Zambia","Eastern","0.98","0.99","1","Pessimistic"
"Africa","ZMB","Zambia","Luapula","2.93","2.96","2.98","Pessimistic"
"Africa","ZMB","Zambia","Lusaka","1","1.03","1.05","Pessimistic"
"Africa","ZMB","Zambia","Muchinga","1.21","1.22","1.23","Pessimistic"
"Africa","ZMB","Zambia","North-Western","4.18","4.22","4.26","Pessimistic"
"Africa","ZMB","Zambia","Northern","1.74","1.75","1.76","Pessimistic"
"Africa","ZMB","Zambia","Southern","1.05","1.07","1.09","Pessimistic"
"Africa","ZMB","Zambia","Western","1.94","1.96","1.97","Pessimistic"
"Africa","ZWE","Zimbabwe","Bulawayo","1.4","1.5","1.62","Pessimistic"
"Africa","ZWE","Zimbabwe","Harare","1.75","1.86","1.98","Pessimistic"
"Africa","ZWE","Zimbabwe","Manicaland","1.95","2","2.05","Pessimistic"
"Africa","ZWE","Zimbabwe","Mashonaland Central","1.7","1.76","1.83","Pessimistic"
"Africa","ZWE","Zimbabwe","Mashonaland East","1.92","2","2.08","Pessimistic"
"Africa","ZWE","Zimbabwe","Mashonaland West","2","2.09","2.18","Pessimistic"
"Africa","ZWE","Zimbabwe","Masvingo","1.87","1.95","2.04","Pessimistic"
"Africa","ZWE","Zimbabwe","Matabeleland North","1.6","1.68","1.76","Pessimistic"
"Africa","ZWE","Zimbabwe","Matabeleland South","1.47","1.56","1.66","Pessimistic"
"Africa","ZWE","Zimbabwe","Midlands","1.71","1.79","1.87","Pessimistic"
"Americas","BRA","Brazil","Acre","3.55","4.29","5.43","Pessimistic"
"Americas","BRA","Brazil","Alagoas","3.53","4.27","5.41","Pessimistic"
"Americas","BRA","Brazil","Amapa","3.56","4.31","5.45","Pessimistic"
"Americas","BRA","Brazil","Amazonas","3.54","4.29","5.43","Pessimistic"
"Americas","BRA","Brazil","Bahia","3.54","4.28","5.42","Pessimistic"
"Americas","BRA","Brazil","Ceara","3.53","4.28","5.41","Pessimistic"
"Americas","BRA","Brazil","Distrito Federal","3.53","4.27","5.39","Pessimistic"
"Americas","BRA","Brazil","Espirito Santo","3.54","4.28","5.41","Pessimistic"
"Americas","BRA","Brazil","Goias","3.53","4.27","5.4","Pessimistic"
"Americas","BRA","Brazil","Maranhao","3.54","4.29","5.43","Pessimistic"
"Americas","BRA","Brazil","Mato Grosso","3.55","4.29","5.43","Pessimistic"
"Americas","BRA","Brazil","Mato Grosso do Sul","3.54","4.28","5.42","Pessimistic"
"Americas","BRA","Brazil","Minas Gerais","3.53","4.27","5.4","Pessimistic"
"Americas","BRA","Brazil","Para","3.54","4.28","5.42","Pessimistic"
"Americas","BRA","Brazil","Paraiba","3.53","4.27","5.41","Pessimistic"
"Americas","BRA","Brazil","Parana","3.53","4.27","5.4","Pessimistic"
"Americas","BRA","Brazil","Pernambuco","3.53","4.27","5.4","Pessimistic"
"Americas","BRA","Brazil","Piaui","3.55","4.3","5.44","Pessimistic"
"Americas","BRA","Brazil","Rio Grande do Norte","3.53","4.28","5.41","Pessimistic"
"Americas","BRA","Brazil","Rio Grande do Sul","3.53","4.27","5.4","Pessimistic"
"Americas","BRA","Brazil","Rio de Janeiro","3.52","4.26","5.39","Pessimistic"
"Americas","BRA","Brazil","Rondonia","3.56","4.31","5.45","Pessimistic"
"Americas","BRA","Brazil","Roraima","3.54","4.28","5.42","Pessimistic"
"Americas","BRA","Brazil","Santa Catarina","3.53","4.27","5.41","Pessimistic"
"Americas","BRA","Brazil","Sao Paulo","3.52","4.26","5.39","Pessimistic"
"Americas","BRA","Brazil","Sergipe","3.53","4.27","5.4","Pessimistic"
"Americas","BRA","Brazil","Tocantins","3.55","4.3","5.45","Pessimistic"
"Americas","COL","Colombia","Amazonas","3.58","4.18","5.01","Pessimistic"
"Americas","COL","Colombia","Antioquia","3.36","4.03","5.03","Pessimistic"
"Americas","COL","Colombia","Arauca","3.32","3.97","4.93","Pessimistic"
"Americas","COL","Colombia","Atlantico","3.32","3.97","4.94","Pessimistic"
"Americas","COL","Colombia","Bolivar","3.36","4.03","5.02","Pessimistic"
"Americas","COL","Colombia","Caqueta","3.31","3.95","4.91","Pessimistic"
"Americas","COL","Colombia","Casanare","3.33","3.98","4.95","Pessimistic"
"Americas","COL","Colombia","Cauca","3.34","3.99","4.96","Pessimistic"
"Americas","COL","Colombia","Cesar","3.33","3.98","4.95","Pessimistic"
"Americas","COL","Colombia","Choco","3.49","4.09","4.93","Pessimistic"
"Americas","COL","Colombia","Cordoba","3.33","3.99","4.96","Pessimistic"
"Americas","COL","Colombia","Cundinamarca","3.33","3.99","4.97","Pessimistic"
"Americas","COL","Colombia","Guainia","3.38","4.03","4.99","Pessimistic"
"Americas","COL","Colombia","Guaviare","3.3","3.95","4.91","Pessimistic"
"Americas","COL","Colombia","Magdalena","3.33","3.98","4.96","Pessimistic"
"Americas","COL","Colombia","Meta","3.34","4","4.99","Pessimistic"
"Americas","COL","Colombia","Narino","3.39","4.04","4.99","Pessimistic"
"Americas","COL","Colombia","Norte De Santander","3.31","3.96","4.93","Pessimistic"
"Americas","COL","Colombia","Putumayo","3.31","3.95","4.91","Pessimistic"
"Americas","COL","Colombia","Quindio","3.29","3.92","4.87","Pessimistic"
"Americas","COL","Colombia","Risaralda","3.3","3.94","4.89","Pessimistic"
"Americas","COL","Colombia","Santander","3.36","4.03","5.03","Pessimistic"
"Americas","COL","Colombia","Sucre","3.29","3.93","4.88","Pessimistic"
"Americas","COL","Colombia","Tolima","3.32","3.97","4.93","Pessimistic"
"Americas","COL","Colombia","Valle Del Cauca","3.34","4","4.97","Pessimistic"
"Americas","COL","Colombia","Vaupes","3.35","4.01","4.99","Pessimistic"
"Americas","COL","Colombia","Vichada","3.33","3.99","4.97","Pessimistic"
"Americas","DOM","Dominican Republic","Region El Valle","2.67","3.08","3.64","Pessimistic"
"Americas","DOM","Dominican Republic","Region Higuamo","2.64","3.04","3.57","Pessimistic"
"Americas","DOM","Dominican Republic","Region Ozama O Metropolitana","2.64","3.03","3.57","Pessimistic"
"Americas","DOM","Dominican Republic","Region Valdesia","2.65","3.06","3.6","Pessimistic"
"Americas","DOM","Dominican Republic","Region Yuma","2.64","3.04","3.59","Pessimistic"
"Americas","ECU","Ecuador","Azuay","1.93","2.15","2.42","Pessimistic"
"Americas","ECU","Ecuador","Bolivar","1.94","2.15","2.42","Pessimistic"
"Americas","ECU","Ecuador","Canar","1.93","2.15","2.42","Pessimistic"
"Americas","ECU","Ecuador","Carchi","1.94","2.16","2.43","Pessimistic"
"Americas","ECU","Ecuador","Esmeraldas","1.95","2.16","2.43","Pessimistic"
"Americas","ECU","Ecuador","Guayas","1.95","2.17","2.44","Pessimistic"
"Americas","ECU","Ecuador","Imbabura","1.94","2.15","2.42","Pessimistic"
"Americas","ECU","Ecuador","Loja","1.94","2.16","2.43","Pessimistic"
"Americas","ECU","Ecuador","Los Rios","1.94","2.16","2.43","Pessimistic"
"Americas","ECU","Ecuador","Manabi","1.94","2.15","2.42","Pessimistic"
"Americas","ECU","Ecuador","Morona Santiago","1.94","2.16","2.43","Pessimistic"
"Americas","ECU","Ecuador","Orellana","1.94","2.16","2.43","Pessimistic"
"Americas","ECU","Ecuador","Pastaza","1.95","2.17","2.45","Pessimistic"
"Americas","ECU","Ecuador","Pichincha","1.95","2.17","2.44","Pessimistic"
"Americas","ECU","Ecuador","Santo Domingo de los Tsachilas","1.93","2.15","2.41","Pessimistic"
"Americas","ECU","Ecuador","Sucumbios","1.94","2.15","2.42","Pessimistic"
"Americas","ECU","Ecuador","Tungurahua","1.93","2.15","2.42","Pessimistic"
"Americas","ECU","Ecuador","Zona No Delimitada","1.96","2.17","2.45","Pessimistic"
"Americas","GUY","Guyana","Barima/Waini (Region n1)","2.77","3.17","3.7","Pessimistic"
"Americas","GUY","Guyana","Cuyuni/Mazaruni (Region n7)","2.78","3.22","3.83","Pessimistic"
"Americas","GUY","Guyana","Demerara/Mahaica (Region n4)","3.02","3.4","3.9","Pessimistic"
"Americas","GUY","Guyana","East Berbice/Corentyne (Region n6)","2.88","3.35","4.02","Pessimistic"
"Americas","GUY","Guyana","Essequibo Islands/West Demerara (Region n3)","2.96","3.43","4.07","Pessimistic"
"Americas","GUY","Guyana","Mahaica Berbice (Region n5)","2.69","3.1","3.67","Pessimistic"
"Americas","GUY","Guyana","Pomeroon/Supenaam (Region n2)","2.49","2.83","3.27","Pessimistic"
"Americas","GUY","Guyana","Potaro/Siparuni (Region n8)","2.65","3.06","3.61","Pessimistic"
"Americas","GUY","Guyana","Upper Demerara/Berbice (Region n10)","2.78","3.22","3.83","Pessimistic"
"Americas","GUY","Guyana","Upper Takutu/Upper Essequibo (Region n9)","2.8","3.26","3.89","Pessimistic"
"Americas","HND","Honduras","Atlantida","3.6","4.37","5.55","Pessimistic"
"Americas","HND","Honduras","Choluteca","3.59","4.36","5.54","Pessimistic"
"Americas","HND","Honduras","Colon","3.6","4.36","5.54","Pessimistic"
"Americas","HND","Honduras","Comayagua","3.6","4.36","5.54","Pessimistic"
"Americas","HND","Honduras","Copan","3.6","4.36","5.54","Pessimistic"
"Americas","HND","Honduras","Cortes","3.58","4.34","5.51","Pessimistic"
"Americas","HND","Honduras","El Paraiso","3.59","4.35","5.53","Pessimistic"
"Americas","HND","Honduras","Francisco Morazan","3.59","4.35","5.52","Pessimistic"
"Americas","HND","Honduras","Gracias a Dios","3.62","4.4","5.59","Pessimistic"
"Americas","HND","Honduras","Islas de La Bahia","3.62","4.4","5.61","Pessimistic"
"Americas","HND","Honduras","Lempira","3.59","4.36","5.53","Pessimistic"
"Americas","HND","Honduras","Olancho","3.6","4.37","5.56","Pessimistic"
"Americas","HND","Honduras","Yoro","3.59","4.36","5.54","Pessimistic"
"Americas","HTI","Haiti","Artibonite","2.09","2.32","2.61","Pessimistic"
"Americas","HTI","Haiti","Centre","2.04","2.28","2.58","Pessimistic"
"Americas","HTI","Haiti","Grande Anse","2.05","2.29","2.6","Pessimistic"
"Americas","HTI","Haiti","Nippes","2.09","2.33","2.65","Pessimistic"
"Americas","HTI","Haiti","Nord","2.04","2.28","2.58","Pessimistic"
"Americas","HTI","Haiti","Nord Est","2.07","2.32","2.63","Pessimistic"
"Americas","HTI","Haiti","Nord Ouest","2.08","2.33","2.64","Pessimistic"
"Americas","HTI","Haiti","Ouest","2.03","2.26","2.55","Pessimistic"
"Americas","HTI","Haiti","Sud","2.22","2.41","2.65","Pessimistic"
"Americas","HTI","Haiti","Sud-Est","2.08","2.33","2.65","Pessimistic"
"Americas","NIC","Nicaragua","Boaco","2.25","2.54","2.91","Pessimistic"
"Americas","NIC","Nicaragua","Chinandega","2.24","2.53","2.9","Pessimistic"
"Americas","NIC","Nicaragua","Esteli","2.24","2.53","2.9","Pessimistic"
"Americas","NIC","Nicaragua","Jinotega","2.25","2.54","2.9","Pessimistic"
"Americas","NIC","Nicaragua","Leon","2.27","2.56","2.94","Pessimistic"
"Americas","NIC","Nicaragua","Managua","2.2","2.47","2.83","Pessimistic"
"Americas","NIC","Nicaragua","Masaya","2.21","2.49","2.85","Pessimistic"
"Americas","NIC","Nicaragua","Matagalpa","2.24","2.53","2.9","Pessimistic"
"Americas","NIC","Nicaragua","Region Autonoma del Atlantico Norte","2.27","2.54","2.89","Pessimistic"
"Americas","NIC","Nicaragua","Region Autonoma del Atlantico Sur","2.24","2.53","2.9","Pessimistic"
"Americas","NIC","Nicaragua","Rio San Juan","2.24","2.52","2.89","Pessimistic"
"Americas","PER","Peru","Amazonas","2.07","2.32","2.63","Pessimistic"
"Americas","PER","Peru","Ancash","2.09","2.35","2.66","Pessimistic"
"Americas","PER","Peru","Apurimac","2.07","2.31","2.62","Pessimistic"
"Americas","PER","Peru","Arequipa","2.08","2.33","2.64","Pessimistic"
"Americas","PER","Peru","Ayacucho","2.09","2.34","2.66","Pessimistic"
"Americas","PER","Peru","Cajamarca","2.08","2.33","2.64","Pessimistic"
"Americas","PER","Peru","Callao","2.08","2.32","2.64","Pessimistic"
"Americas","PER","Peru","Cusco","2.08","2.32","2.64","Pessimistic"
"Americas","PER","Peru","Huancavelica","2.07","2.31","2.62","Pessimistic"
"Americas","PER","Peru","Huanuco","2.09","2.33","2.65","Pessimistic"
"Americas","PER","Peru","Ica","2.08","2.32","2.64","Pessimistic"
"Americas","PER","Peru","Junin","2.09","2.34","2.66","Pessimistic"
"Americas","PER","Peru","La Libertad","2.12","2.38","2.7","Pessimistic"
"Americas","PER","Peru","Lambayeque","2.08","2.33","2.65","Pessimistic"
"Americas","PER","Peru","Lima","2.11","2.36","2.69","Pessimistic"
"Americas","PER","Peru","Loreto","2.13","2.36","2.66","Pessimistic"
"Americas","PER","Peru","Madre De Dios","2.07","2.32","2.63","Pessimistic"
"Americas","PER","Peru","Moquegua","2.08","2.32","2.64","Pessimistic"
"Americas","PER","Peru","Pasco","2.07","2.32","2.63","Pessimistic"
"Americas","PER","Peru","Piura","2.12","2.37","2.7","Pessimistic"
"Americas","PER","Peru","Puno","2.08","2.32","2.63","Pessimistic"
"Americas","PER","Peru","San Martin","2.09","2.34","2.66","Pessimistic"
"Americas","PER","Peru","Tacna","2.07","2.32","2.63","Pessimistic"
"Americas","PER","Peru","Tumbes","2.07","2.31","2.62","Pessimistic"
"Americas","PER","Peru","Ucayali","2.06","2.31","2.61","Pessimistic"
"Americas","VEN","Venezuela","Amazonas","3.5","4.12","5.01","Pessimistic"
"Americas","VEN","Venezuela","Anzoategui","3.33","3.99","4.96","Pessimistic"
"Americas","VEN","Venezuela","Apure","3.39","4.07","5.08","Pessimistic"
"Americas","VEN","Venezuela","Aragua","3.35","4.02","5.01","Pessimistic"
"Americas","VEN","Venezuela","Barinas","3.32","3.98","4.94","Pessimistic"
"Americas","VEN","Venezuela","Bolivar","3.45","4.05","4.92","Pessimistic"
"Americas","VEN","Venezuela","Delta Amacuro","3.95","4.48","5.15","Pessimistic"
"Americas","VEN","Venezuela","Distrito Federal","3.32","3.97","4.94","Pessimistic"
"Americas","VEN","Venezuela","Guarico","3.42","4.11","5.15","Pessimistic"
"Americas","VEN","Venezuela","Miranda","3.36","4.02","5.02","Pessimistic"
"Americas","VEN","Venezuela","Monagas","3.33","3.98","4.95","Pessimistic"
"Americas","VEN","Venezuela","Portuguesa","3.34","3.99","4.97","Pessimistic"
"Americas","VEN","Venezuela","Sucre","3.32","3.97","4.93","Pessimistic"
"Americas","VEN","Venezuela","Tachira","3.37","4.03","5.04","Pessimistic"
"Americas","VEN","Venezuela","Trujillo","3.41","4.09","5.12","Pessimistic"
"Americas","VEN","Venezuela","Vargas","3.41","4.1","5.13","Pessimistic"
"Americas","VEN","Venezuela","Zulia","3.32","3.96","4.93","Pessimistic"
"Asia","AFG","Afghanistan","Badakhshan","2.87","3.34","4","Pessimistic"
"Asia","AFG","Afghanistan","Badghis","2.6","2.98","3.5","Pessimistic"
"Asia","AFG","Afghanistan","Baghlan","2.43","2.76","3.2","Pessimistic"
"Asia","AFG","Afghanistan","Balkh","2.6","2.98","3.5","Pessimistic"
"Asia","AFG","Afghanistan","Bamyan","2.6","2.99","3.5","Pessimistic"
"Asia","AFG","Afghanistan","Daykundi","3.12","3.69","4.5","Pessimistic"
"Asia","AFG","Afghanistan","Faryab","2.45","2.79","3.24","Pessimistic"
"Asia","AFG","Afghanistan","Ghazni","3.08","3.63","4.41","Pessimistic"
"Asia","AFG","Afghanistan","Ghor","2.68","3.09","3.65","Pessimistic"
"Asia","AFG","Afghanistan","Hilmand","2.37","2.69","3.11","Pessimistic"
"Asia","AFG","Afghanistan","Hirat","2.42","2.76","3.19","Pessimistic"
"Asia","AFG","Afghanistan","Jawzjan","2.9","3.39","4.06","Pessimistic"
"Asia","AFG","Afghanistan","Kabul","2.71","3.13","3.71","Pessimistic"
"Asia","AFG","Afghanistan","Kandahar","2.81","3.26","3.89","Pessimistic"
"Asia","AFG","Afghanistan","Kapisa","2.87","3.34","3.99","Pessimistic"
"Asia","AFG","Afghanistan","Khost","3","3.52","4.25","Pessimistic"
"Asia","AFG","Afghanistan","Kunar","2.78","3.22","3.83","Pessimistic"
"Asia","AFG","Afghanistan","Kunduz","2.45","2.78","3.23","Pessimistic"
"Asia","AFG","Afghanistan","Laghman","2.37","2.69","3.11","Pessimistic"
"Asia","AFG","Afghanistan","Logar","2.81","3.26","3.89","Pessimistic"
"Asia","AFG","Afghanistan","Nangarhar","2.64","3.04","3.58","Pessimistic"
"Asia","AFG","Afghanistan","Nimroz","2.87","3.34","4","Pessimistic"
"Asia","AFG","Afghanistan","Nuristan","2.93","3.42","4.11","Pessimistic"
"Asia","AFG","Afghanistan","Paktika","2.3","2.6","2.99","Pessimistic"
"Asia","AFG","Afghanistan","Paktya","2.63","3.03","3.56","Pessimistic"
"Asia","AFG","Afghanistan","Panjsher","2.82","3.28","3.91","Pessimistic"
"Asia","AFG","Afghanistan","Parwan","2.6","2.98","3.5","Pessimistic"
"Asia","AFG","Afghanistan","Samangan","2.61","3","3.53","Pessimistic"
"Asia","AFG","Afghanistan","Sar-e-Pul","2.89","3.38","4.05","Pessimistic"
"Asia","AFG","Afghanistan","Takhar","3.04","3.58","4.34","Pessimistic"
"Asia","AFG","Afghanistan","Uruzgan","2.32","2.63","3.03","Pessimistic"
"Asia","AFG","Afghanistan","Wardak","2.75","3.18","3.77","Pessimistic"
"Asia","AFG","Afghanistan","Zabul","2.68","3.09","3.65","Pessimistic"
"Asia","BGD","Bangladesh","Chittagong","2.28","2.57","2.95","Pessimistic"
"Asia","BGD","Bangladesh","Mymensingh","2.26","2.56","2.95","Pessimistic"
"Asia","BGD","Bangladesh","Rangpur","2.27","2.56","2.95","Pessimistic"
"Asia","BGD","Bangladesh","Sylhet","2.26","2.56","2.95","Pessimistic"
"Asia","BTN","Bhutan","Sarpang","1.56","1.7","1.87","Pessimistic"
"Asia","IDN","Indonesia","Aceh","2.59","2.97","3.48","Pessimistic"
"Asia","IDN","Indonesia","Bali","2.62","3.02","3.55","Pessimistic"
"Asia","IDN","Indonesia","Bangka-Belitung","2.58","2.95","3.46","Pessimistic"
"Asia","IDN","Indonesia","Banten","2.6","2.99","3.51","Pessimistic"
"Asia","IDN","Indonesia","Bengkulu","2.59","2.96","3.47","Pessimistic"
"Asia","IDN","Indonesia","Gorontalo","2.6","2.99","3.51","Pessimistic"
"Asia","IDN","Indonesia","Irian Jaya Barat","2.75","3.1","3.54","Pessimistic"
"Asia","IDN","Indonesia","Jakarta Raya","2.57","2.95","3.46","Pessimistic"
"Asia","IDN","Indonesia","Jambi","2.62","3","3.53","Pessimistic"
"Asia","IDN","Indonesia","Jawa Barat","2.6","2.98","3.51","Pessimistic"
"Asia","IDN","Indonesia","Jawa Tengah","2.57","2.95","3.46","Pessimistic"
"Asia","IDN","Indonesia","Jawa Timur","2.6","2.99","3.52","Pessimistic"
"Asia","IDN","Indonesia","Kalimantan Barat","2.64","3.04","3.59","Pessimistic"
"Asia","IDN","Indonesia","Kalimantan Selatan","2.6","2.99","3.51","Pessimistic"
"Asia","IDN","Indonesia","Kalimantan Tengah","2.58","2.95","3.46","Pessimistic"
"Asia","IDN","Indonesia","Kalimantan Timur","2.58","2.96","3.48","Pessimistic"
"Asia","IDN","Indonesia","Kalimantan Utara","2.58","2.96","3.48","Pessimistic"
"Asia","IDN","Indonesia","Kepulauan Riau","2.6","2.98","3.5","Pessimistic"
"Asia","IDN","Indonesia","Lampung","2.59","2.97","3.49","Pessimistic"
"Asia","IDN","Indonesia","Maluku","2.65","3.03","3.53","Pessimistic"
"Asia","IDN","Indonesia","Maluku Utara","2.63","3.01","3.51","Pessimistic"
"Asia","IDN","Indonesia","Nusa Tenggara Barat","2.65","3.06","3.61","Pessimistic"
"Asia","IDN","Indonesia","Nusa Tenggara Timur","2.66","3.05","3.58","Pessimistic"
"Asia","IDN","Indonesia","Papua","2.68","3.07","3.59","Pessimistic"
"Asia","IDN","Indonesia","Riau","2.61","2.99","3.52","Pessimistic"
"Asia","IDN","Indonesia","Sulawesi Barat","2.66","3.07","3.62","Pessimistic"
"Asia","IDN","Indonesia","Sulawesi Selatan","2.65","3.05","3.59","Pessimistic"
"Asia","IDN","Indonesia","Sulawesi Tengah","2.61","2.99","3.51","Pessimistic"
"Asia","IDN","Indonesia","Sulawesi Tenggara","2.67","3.08","3.64","Pessimistic"
"Asia","IDN","Indonesia","Sulawesi Utara","2.62","3.01","3.53","Pessimistic"
"Asia","IDN","Indonesia","Sumatera Barat","2.63","3.03","3.56","Pessimistic"
"Asia","IDN","Indonesia","Sumatera Selatan","2.59","2.98","3.5","Pessimistic"
"Asia","IDN","Indonesia","Sumatera Utara","2.64","3.04","3.58","Pessimistic"
"Asia","IDN","Indonesia","Yogyakarta","2.57","2.95","3.46","Pessimistic"
"Asia","IND","India","Andaman and Nicobar","2.32","2.62","3.02","Pessimistic"
"Asia","IND","India","Andhra Pradesh","2.31","2.61","3","Pessimistic"
"Asia","IND","India","Arunachal Pradesh","2.6","2.99","3.5","Pessimistic"
"Asia","IND","India","Assam","2.41","2.74","3.17","Pessimistic"
"Asia","IND","India","Bihar","2.25","2.53","2.9","Pessimistic"
"Asia","IND","India","Chandigarh","2.33","2.63","3.03","Pessimistic"
"Asia","IND","India","Chhattisgarh","2.55","2.8","3.1","Pessimistic"
"Asia","IND","India","Dadra and Nagar Haveli","2.29","2.59","2.97","Pessimistic"
"Asia","IND","India","Daman and Diu","2.29","2.59","2.97","Pessimistic"
"Asia","IND","India","Delhi","2.17","2.44","2.78","Pessimistic"
"Asia","IND","India","Goa","2.2","2.47","2.82","Pessimistic"
"Asia","IND","India","Gujarat","2.3","2.59","2.97","Pessimistic"
"Asia","IND","India","Haryana","2.19","2.47","2.82","Pessimistic"
"Asia","IND","India","Himachal Pradesh","2.22","2.5","2.86","Pessimistic"
"Asia","IND","India","Jammu and Kashmir","2.37","2.69","3.11","Pessimistic"
"Asia","IND","India","Jharkhand","2.45","2.72","3.06","Pessimistic"
"Asia","IND","India","Karnataka","2.39","2.71","3.14","Pessimistic"
"Asia","IND","India","Kerala","2.16","2.43","2.76","Pessimistic"
"Asia","IND","India","Lakshadweep","2.4","2.72","3.15","Pessimistic"
"Asia","IND","India","Madhya Pradesh","2.32","2.62","3.02","Pessimistic"
"Asia","IND","India","Maharashtra","2.24","2.53","2.89","Pessimistic"
"Asia","IND","India","Manipur","2.57","2.95","3.45","Pessimistic"
"Asia","IND","India","Meghalaya","2.26","2.53","2.89","Pessimistic"
"Asia","IND","India","Mizoram","2.75","3.07","3.48","Pessimistic"
"Asia","IND","India","Nagaland","2.79","3.23","3.84","Pessimistic"
"Asia","IND","India","Odisha","2.35","2.62","2.96","Pessimistic"
"Asia","IND","India","Puducherry","2.32","2.62","3.02","Pessimistic"
"Asia","IND","India","Punjab","2.44","2.78","3.22","Pessimistic"
"Asia","IND","India","Rajasthan","2.2","2.48","2.83","Pessimistic"
"Asia","IND","India","Tamil Nadu","2.32","2.63","3.02","Pessimistic"
"Asia","IND","India","Telangana","2.27","2.56","2.93","Pessimistic"
"Asia","IND","India","Tripura","2.44","2.75","3.14","Pessimistic"
"Asia","IND","India","Uttar Pradesh","2.27","2.56","2.94","Pessimistic"
"Asia","IND","India","Uttarakhand","2.26","2.55","2.92","Pessimistic"
"Asia","IND","India","West Bengal","2.26","2.55","2.92","Pessimistic"
"Asia","KHM","Cambodia","Banteay Meanchey","1.87","2.07","2.33","Pessimistic"
"Asia","KHM","Cambodia","Battambang","1.87","2.07","2.32","Pessimistic"
"Asia","KHM","Cambodia","Kampong Cham","1.9","2.11","2.37","Pessimistic"
"Asia","KHM","Cambodia","Kampong Chhnang","1.87","2.08","2.33","Pessimistic"
"Asia","KHM","Cambodia","Kampong Speu","1.93","2.14","2.41","Pessimistic"
"Asia","KHM","Cambodia","Kampong Thom","1.91","2.12","2.39","Pessimistic"
"Asia","KHM","Cambodia","Kampot","1.91","2.12","2.38","Pessimistic"
"Asia","KHM","Cambodia","Kandal","1.88","2.08","2.34","Pessimistic"
"Asia","KHM","Cambodia","Koh Kong","1.93","2.14","2.41","Pessimistic"
"Asia","KHM","Cambodia","Kratie","1.91","2.12","2.39","Pessimistic"
"Asia","KHM","Cambodia","Mondul Kiri","1.97","2.19","2.47","Pessimistic"
"Asia","KHM","Cambodia","Oddar Meanchey","1.89","2.09","2.35","Pessimistic"
"Asia","KHM","Cambodia","Pailin","1.87","2.07","2.32","Pessimistic"
"Asia","KHM","Cambodia","Phnom Penh","1.89","2.09","2.35","Pessimistic"
"Asia","KHM","Cambodia","Preah Sihanouk","1.93","2.14","2.41","Pessimistic"
"Asia","KHM","Cambodia","Preah Vihear","1.92","2.13","2.4","Pessimistic"
"Asia","KHM","Cambodia","Prey Veng","1.91","2.12","2.38","Pessimistic"
"Asia","KHM","Cambodia","Pursat","1.95","2.17","2.45","Pessimistic"
"Asia","KHM","Cambodia","Ratanak Kiri","1.97","2.19","2.47","Pessimistic"
"Asia","KHM","Cambodia","Siemreap","1.95","2.17","2.45","Pessimistic"
"Asia","KHM","Cambodia","Stung Treng","1.92","2.13","2.4","Pessimistic"
"Asia","KHM","Cambodia","Svay Rieng","1.88","2.08","2.33","Pessimistic"
"Asia","KHM","Cambodia","Takeo","1.9","2.12","2.38","Pessimistic"
"Asia","KHM","Cambodia","Tboung Khmum","1.9","2.11","2.37","Pessimistic"
"Asia","LAO","Laos","Attapeu","2.1","2.35","2.67","Pessimistic"
"Asia","LAO","Laos","Bokeo","2.12","2.38","2.71","Pessimistic"
"Asia","LAO","Laos","Bolikhamxai","2.09","2.34","2.65","Pessimistic"
"Asia","LAO","Laos","Champasack","2.1","2.35","2.65","Pessimistic"
"Asia","LAO","Laos","Houaphan","2.12","2.38","2.71","Pessimistic"
"Asia","LAO","Laos","Khammouan","2.1","2.35","2.68","Pessimistic"
"Asia","LAO","Laos","Louangnamtha","2.11","2.37","2.7","Pessimistic"
"Asia","LAO","Laos","Louangphabang","2.11","2.37","2.7","Pessimistic"
"Asia","LAO","Laos","Oudomxai","2.12","2.38","2.71","Pessimistic"
"Asia","LAO","Laos","Phongsaly","2.12","2.38","2.72","Pessimistic"
"Asia","LAO","Laos","Salavan","2.1","2.36","2.68","Pessimistic"
"Asia","LAO","Laos","Savannakhet","2.08","2.33","2.64","Pessimistic"
"Asia","LAO","Laos","Sekong","2.09","2.34","2.66","Pessimistic"
"Asia","LAO","Laos","Vientiane","2.1","2.36","2.68","Pessimistic"
"Asia","LAO","Laos","Vientiane Capital","2.09","2.34","2.66","Pessimistic"
"Asia","LAO","Laos","Xaignabouly","2.1","2.36","2.68","Pessimistic"
"Asia","LAO","Laos","Xaisomboon","2.12","2.38","2.71","Pessimistic"
"Asia","LAO","Laos","Xiengkhouang","2.1","2.35","2.67","Pessimistic"
"Asia","MMR","Myanmar","Ayeyarwady","1.88","2.08","2.34","Pessimistic"
"Asia","MMR","Myanmar","Bago East","1.9","2.11","2.37","Pessimistic"
"Asia","MMR","Myanmar","Bago West","1.9","2.11","2.37","Pessimistic"
"Asia","MMR","Myanmar","Chin","1.98","2.2","2.49","Pessimistic"
"Asia","MMR","Myanmar","Kachin","1.88","2.08","2.34","Pessimistic"
"Asia","MMR","Myanmar","Kayah","1.84","2.04","2.28","Pessimistic"
"Asia","MMR","Myanmar","Kayin","1.82","2.01","2.25","Pessimistic"
"Asia","MMR","Myanmar","Magway","1.92","2.14","2.41","Pessimistic"
"Asia","MMR","Myanmar","Mandalay","1.88","2.09","2.34","Pessimistic"
"Asia","MMR","Myanmar","Mon","1.89","2.09","2.35","Pessimistic"
"Asia","MMR","Myanmar","Naypyitaw","1.9","2.11","2.37","Pessimistic"
"Asia","MMR","Myanmar","Rakhine","1.82","2.01","2.25","Pessimistic"
"Asia","MMR","Myanmar","Sagaing","1.88","2.09","2.35","Pessimistic"
"Asia","MMR","Myanmar","Shan (East)","1.91","2.12","2.38","Pessimistic"
"Asia","MMR","Myanmar","Shan (North)","1.91","2.12","2.38","Pessimistic"
"Asia","MMR","Myanmar","Shan (South)","1.91","2.12","2.38","Pessimistic"
"Asia","MMR","Myanmar","Tanintharyi","1.81","2","2.24","Pessimistic"
"Asia","MMR","Myanmar","Yangon","1.9","2.11","2.37","Pessimistic"
"Asia","MYS","Malaysia","Sabah","1.97","2.2","2.48","Pessimistic"
"Asia","MYS","Malaysia","Sarawak","1.97","2.2","2.48","Pessimistic"
"Asia","NPL","Nepal","Central","2.19","2.46","2.82","Pessimistic"
"Asia","NPL","Nepal","Eastern","2.19","2.47","2.83","Pessimistic"
"Asia","NPL","Nepal","Far Western","2.21","2.49","2.86","Pessimistic"
"Asia","NPL","Nepal","Mid Western","2.2","2.48","2.84","Pessimistic"
"Asia","NPL","Nepal","Western","2.19","2.46","2.82","Pessimistic"
"Asia","PAK","Pakistan","Balochistan","2.43","2.73","3.11","Pessimistic"
"Asia","PAK","Pakistan","Fata","2.39","2.69","3.09","Pessimistic"
"Asia","PAK","Pakistan","Federal Capital Territory","2.34","2.64","3.01","Pessimistic"
"Asia","PAK","Pakistan","Gilgit Baltistan","2.34","2.64","3.03","Pessimistic"
"Asia","PAK","Pakistan","Khyber Pakhtunkhwa","2.36","2.65","3.03","Pessimistic"
"Asia","PAK","Pakistan","Sindh","2.3","2.58","2.94","Pessimistic"
"Asia","PHL","Philippines","Davao del Norte","2.25","2.55","2.93","Pessimistic"
"Asia","PHL","Philippines","Davao del Sur","2.25","2.55","2.93","Pessimistic"
"Asia","PHL","Philippines","Maguindanao","2.24","2.53","2.91","Pessimistic"
"Asia","PHL","Philippines","Palawan","2.26","2.55","2.93","Pessimistic"
"Asia","PHL","Philippines","Sultan Kudarat","2.28","2.59","2.98","Pessimistic"
"Asia","SAU","Saudi Arabia","Al Bahah","1.66","1.82","2.01","Pessimistic"
"Asia","SAU","Saudi Arabia","Al Hudud ash Shamaliyah","1.61","1.76","1.94","Pessimistic"
"Asia","SAU","Saudi Arabia","Al Madinah","1.69","1.86","2.06","Pessimistic"
"Asia","SAU","Saudi Arabia","Al Quassim","1.67","1.83","2.03","Pessimistic"
"Asia","SAU","Saudi Arabia","Ar Riyad","1.65","1.81","2","Pessimistic"
"Asia","SAU","Saudi Arabia","Ash Sharqiyah","1.62","1.77","1.96","Pessimistic"
"Asia","SAU","Saudi Arabia","Ha'il","1.66","1.81","2.01","Pessimistic"
"Asia","SAU","Saudi Arabia","Jizan","1.64","1.8","1.99","Pessimistic"
"Asia","SAU","Saudi Arabia","Makkah","1.67","1.83","2.03","Pessimistic"
"Asia","SAU","Saudi Arabia","Najran","1.62","1.77","1.96","Pessimistic"
"Asia","SAU","Saudi Arabia","Tabuk","1.6","1.75","1.93","Pessimistic"
"Asia","SAU","Saudi Arabia","`Asir","1.7","1.87","2.07","Pessimistic"
"Asia","VNM","Vietnam","An Giang","2.72","3.15","3.74","Pessimistic"
"Asia","VNM","Vietnam","Ba Ria-Vung","2.72","3.15","3.73","Pessimistic"
"Asia","VNM","Vietnam","Ben Tre","2.72","3.15","3.74","Pessimistic"
"Asia","VNM","Vietnam","Binh Dinh","2.71","3.14","3.72","Pessimistic"
"Asia","VNM","Vietnam","Binh Duong","2.71","3.14","3.72","Pessimistic"
"Asia","VNM","Vietnam","Binh Phuoc","2.72","3.14","3.72","Pessimistic"
"Asia","VNM","Vietnam","Ca Mau","2.71","3.13","3.71","Pessimistic"
"Asia","VNM","Vietnam","Dak Lak","2.72","3.14","3.72","Pessimistic"
"Asia","VNM","Vietnam","Dong Nai","2.73","3.15","3.74","Pessimistic"
"Asia","VNM","Vietnam","Dong Thap","2.73","3.16","3.75","Pessimistic"
"Asia","VNM","Vietnam","Khanh Hoa","2.71","3.13","3.71","Pessimistic"
"Asia","VNM","Vietnam","Kien Giang","2.72","3.14","3.73","Pessimistic"
"Asia","VNM","Vietnam","Lam Dong","2.71","3.13","3.71","Pessimistic"
"Asia","VNM","Vietnam","Long An","2.72","3.15","3.73","Pessimistic"
"Asia","VNM","Vietnam","Nam Dinh","2.72","3.15","3.73","Pessimistic"
"Asia","VNM","Vietnam","Ninh Binh","2.7","3.12","3.69","Pessimistic"
"Asia","VNM","Vietnam","Ninh Thuan","2.73","3.16","3.76","Pessimistic"
"Asia","VNM","Vietnam","Phu Tho","2.72","3.15","3.73","Pessimistic"
"Asia","VNM","Vietnam","Phu Yen","2.7","3.12","3.69","Pessimistic"
"Asia","VNM","Vietnam","Soc Trang","2.73","3.16","3.75","Pessimistic"
"Asia","VNM","Vietnam","TP. Ha Noi","2.71","3.13","3.71","Pessimistic"
"Asia","VNM","Vietnam","TP. Ho Chi M","2.7","3.13","3.7","Pessimistic"
"Asia","VNM","Vietnam","Tay Ninh","2.73","3.16","3.74","Pessimistic"
"Asia","VNM","Vietnam","Thua Thien H","2.69","3.11","3.68","Pessimistic"
"Asia","VNM","Vietnam","Tien Giang","2.72","3.15","3.74","Pessimistic"
"Asia","VNM","Vietnam","Tra Vinh","2.71","3.13","3.71","Pessimistic"
"Asia","VNM","Vietnam","Tuyen Quang","2.74","3.17","3.76","Pessimistic"
"Asia","VNM","Vietnam","Vinh Long","2.7","3.12","3.7","Pessimistic"
"Asia","VNM","Vietnam","Vinh Phuc","2.7","3.13","3.7","Pessimistic"
"Asia","YEM","Yemen","Abyan","2.67","3.07","3.61","Pessimistic"
"Asia","YEM","Yemen","Aden","2.56","2.94","3.44","Pessimistic"
"Asia","YEM","Yemen","Al Bayda","2.63","3.03","3.56","Pessimistic"
"Asia","YEM","Yemen","Al Dhale'e","2.65","3.06","3.61","Pessimistic"
"Asia","YEM","Yemen","Al Hudaydah","2.73","3.11","3.61","Pessimistic"
"Asia","YEM","Yemen","Al Maharah","2.65","3.04","3.57","Pessimistic"
"Asia","YEM","Yemen","Al Mahwit","4.25","4.43","4.63","Pessimistic"
"Asia","YEM","Yemen","Amanat Al Asimah","2.57","2.95","3.46","Pessimistic"
"Asia","YEM","Yemen","Amran","2.93","3.23","3.62","Pessimistic"
"Asia","YEM","Yemen","Dhamar","2.68","3.06","3.56","Pessimistic"
"Asia","YEM","Yemen","Hadramaut","2.68","3.06","3.57","Pessimistic"
"Asia","YEM","Yemen","Hajjah","4.2","4.37","4.57","Pessimistic"
"Asia","YEM","Yemen","Ibb","2.85","3.18","3.61","Pessimistic"
"Asia","YEM","Yemen","Lahj","2.68","3.07","3.59","Pessimistic"
"Asia","YEM","Yemen","Marib","2.66","3.07","3.63","Pessimistic"
"Asia","YEM","Yemen","Raymah","3.48","3.71","3.98","Pessimistic"
"Asia","YEM","Yemen","Sa'ada","2.71","3.09","3.58","Pessimistic"
"Asia","YEM","Yemen","Sana'a","2.8","3.15","3.58","Pessimistic"
"Asia","YEM","Yemen","Taizz","3","3.3","3.66","Pessimistic"
"Oceania","PNG","Papua New Guinea","Highlands","1.99","2.18","2.41","Pessimistic"
"Oceania","PNG","Papua New Guinea","Islands","2.78","2.84","2.91","Pessimistic"
"Oceania","PNG","Papua New Guinea","Momase","2.92","2.99","3.06","Pessimistic"
"Oceania","PNG","Papua New Guinea","Southern","2.73","2.79","2.85","Pessimistic"
"Oceania","SLB","Solomon Islands","Central","2.23","2.51","2.86","Pessimistic"
"Oceania","SLB","Solomon Islands","Choiseul","2.29","2.55","2.88","Pessimistic"
"Oceania","SLB","Solomon Islands","Guadalcanal","2.99","3.12","3.26","Pessimistic"
"Oceania","SLB","Solomon Islands","Honiara","2.24","2.51","2.84","Pessimistic"
"Oceania","SLB","Solomon Islands","Isabel","2.28","2.54","2.87","Pessimistic"
"Oceania","SLB","Solomon Islands","Makira Ulawa","2.35","2.59","2.89","Pessimistic"
"Oceania","SLB","Solomon Islands","Malaita","2.86","3","3.16","Pessimistic"
"Oceania","SLB","Solomon Islands","Temotu","2.21","2.5","2.86","Pessimistic"
"Oceania","SLB","Solomon Islands","Western","2.29","2.55","2.88","Pessimistic"
"Oceania","VUT","Vanuatu","Malampa","2.28","2.58","2.96","Pessimistic"
"Oceania","VUT","Vanuatu","Penama","2.28","2.58","2.97","Pessimistic"
"Oceania","VUT","Vanuatu","Sanma","2.27","2.57","2.96","Pessimistic"
"Oceania","VUT","Vanuatu","Shefa","2.26","2.55","2.93","Pessimistic"
"Oceania","VUT","Vanuatu","Tafea","2.28","2.58","2.97","Pessimistic"
